Date,Open,High,Low,Close,Volume
1/2/2018 16:00:00,20.8,21.47,20.73,21.37,4352241
1/3/2018 16:00:00,21.4,21.68,21.04,21.15,4521527
1/4/2018 16:00:00,20.86,21.24,20.38,20.97,9946304
1/5/2018 16:00:00,21.11,21.15,20.8,21.11,4591180
1/8/2018 16:00:00,21.07,22.47,21.03,22.43,9859435
1/9/2018 16:00:00,22.34,22.59,21.83,22.25,7146631
1/10/2018 16:00:00,22.15,22.47,22,22.32,4309926
1/11/2018 16:00:00,22.35,22.99,22.22,22.53,6645484
1/12/2018 16:00:00,22.58,22.69,22.24,22.41,4825059
1/16/2018 16:00:00,22.5,23,22.32,22.67,6474251
1/17/2018 16:00:00,22.7,23.27,22.65,23.14,7103505
1/18/2018 16:00:00,23.04,23.49,22.92,22.97,5685845
1/19/2018 16:00:00,23,23.37,22.84,23.33,4888303
1/22/2018 16:00:00,23.29,23.86,23.28,23.44,6210360
1/23/2018 16:00:00,24,24.03,23.4,23.52,5465414
1/24/2018 16:00:00,23.64,23.65,22.9,23.06,5287478
1/25/2018 16:00:00,23.22,23.28,22.43,22.51,6740303
1/26/2018 16:00:00,22.77,22.93,22.38,22.86,4539356
1/29/2018 16:00:00,22.66,23.39,22.55,23.3,4747149
1/30/2018 16:00:00,23.01,23.22,22.81,23.05,4717700
1/31/2018 16:00:00,23.17,23.75,23.01,23.62,6214069
2/1/2018 16:00:00,23.4,23.98,23.24,23.28,4197687
2/2/2018 16:00:00,23.23,23.46,22.7,22.92,3704836
2/5/2018 16:00:00,22.53,22.96,22.2,22.21,4464147
2/6/2018 16:00:00,21.68,22.41,21.57,22.26,5088438
2/7/2018 16:00:00,22.6,23.07,22.38,23,6969239
2/8/2018 16:00:00,22.89,23.24,20.97,21.02,10314573
2/9/2018 16:00:00,21.33,21.4,19.65,20.69,12933721
2/12/2018 16:00:00,21.08,21.21,20.42,21.05,6227822
2/13/2018 16:00:00,21,21.61,20.83,21.58,4560231
2/14/2018 16:00:00,21.39,21.74,21.23,21.49,3950743
2/15/2018 16:00:00,21.63,22.27,21.49,22.27,5912917
2/16/2018 16:00:00,22.17,22.87,22.11,22.37,5642637
2/20/2018 16:00:00,22.3,22.72,22.1,22.32,4009435
2/21/2018 16:00:00,22.4,22.65,22.21,22.22,3219649
2/22/2018 16:00:00,22.37,23.16,22.32,23.08,6969808
2/23/2018 16:00:00,23.19,23.67,23.14,23.47,5817387
2/26/2018 16:00:00,23.57,23.93,23.49,23.83,4339985
2/27/2018 16:00:00,23.75,24,23.33,23.4,4797419
2/28/2018 16:00:00,23.5,23.68,22.81,22.87,6069658
3/1/2018 16:00:00,23,23.24,22,22.06,6885601
3/2/2018 16:00:00,21.8,22.35,21.53,22.34,5092829
3/5/2018 16:00:00,22.16,22.52,21.95,22.22,3823769
3/6/2018 16:00:00,22.25,22.42,21.8,21.88,4285744
3/7/2018 16:00:00,21.7,22.17,21.45,22.15,5007297
3/8/2018 16:00:00,22.19,22.22,21.75,21.94,3566244
3/9/2018 16:00:00,21.61,21.9,21.49,21.81,5506764
3/12/2018 16:00:00,21.91,23.15,21.77,23.03,8264035
3/13/2018 16:00:00,22.99,23.01,22.42,22.79,5965805
3/14/2018 16:00:00,22.45,22.65,21.6,21.78,7967370
3/15/2018 16:00:00,21.96,22.19,21.41,21.71,6564801
3/16/2018 16:00:00,21.73,21.83,21.27,21.42,6117279
3/19/2018 16:00:00,21.1,21.38,20.64,20.9,7484294
3/20/2018 16:00:00,20.99,21.08,20.58,20.7,4764293
3/21/2018 16:00:00,20.68,21.5,20.68,21.1,5958411
3/22/2018 16:00:00,20.93,21.25,20.55,20.61,4939771
3/23/2018 16:00:00,20.75,20.77,20.03,20.1,6654899
3/26/2018 16:00:00,20.49,20.51,19.42,20.28,8375175
3/27/2018 16:00:00,20.27,20.28,18.48,18.61,13872029
3/28/2018 16:00:00,17.64,17.91,16.81,17.19,21001437
3/29/2018 16:00:00,17.1,18.06,16.55,17.74,15170749
4/2/2018 16:00:00,17.08,17.36,16.31,16.83,16113968
4/3/2018 16:00:00,17.99,18.22,16.97,17.84,18844384
4/4/2018 16:00:00,16.85,19.22,16.8,19.13,19896746
4/5/2018 16:00:00,19.29,20.42,19.21,20.38,19121101
4/6/2018 16:00:00,20.07,20.62,19.7,19.95,13520286
4/9/2018 16:00:00,20.02,20.63,19.28,19.31,10249805
4/10/2018 16:00:00,19.93,20.47,19.58,20.31,11024259
4/11/2018 16:00:00,20.05,20.6,19.98,20.06,7482945
4/12/2018 16:00:00,20.15,20.26,19.58,19.61,7608769
4/13/2018 16:00:00,20.24,20.26,19.73,20.02,7327223
4/16/2018 16:00:00,19.93,19.98,19.27,19.41,6338488
4/17/2018 16:00:00,19.26,19.48,18.83,19.18,7000023
4/18/2018 16:00:00,19.41,20.02,19.21,19.56,6557700
4/19/2018 16:00:00,19.41,20.07,19.24,20.01,6090599
4/20/2018 16:00:00,19.68,20,19.32,19.35,5627928
4/23/2018 16:00:00,19.42,19.44,18.82,18.89,4893378
4/24/2018 16:00:00,19,19.14,18.56,18.9,5685308
4/25/2018 16:00:00,18.9,19.01,18.48,18.71,4013574
4/26/2018 16:00:00,18.58,19.05,18.43,19.03,4356013
4/27/2018 16:00:00,19.02,19.63,18.92,19.61,4364626
4/30/2018 16:00:00,19.57,19.92,19.5,19.59,4228172
5/1/2018 16:00:00,19.57,20.05,19.55,19.99,4625603
5/2/2018 16:00:00,19.9,20.46,19.85,20.08,8970370
5/3/2018 16:00:00,18.59,19.2,18.35,18.96,17352130
5/4/2018 16:00:00,18.87,19.79,18.63,19.61,8569354
5/7/2018 16:00:00,19.83,20.4,19.68,20.18,8678224
5/8/2018 16:00:00,20.05,20.52,19.93,20.13,5930000
5/9/2018 16:00:00,20.03,20.47,20,20.46,5727365
5/10/2018 16:00:00,20.5,20.87,20.27,20.33,5651561
5/11/2018 16:00:00,20.51,20.59,19.94,20.07,4679649
5/14/2018 16:00:00,20.22,20.33,19.44,19.46,7286804
5/15/2018 16:00:00,19,19.13,18.7,18.95,9519173
5/16/2018 16:00:00,18.92,19.25,18.77,19.1,5674019
5/17/2018 16:00:00,19.06,19.28,18.93,18.97,4420612
5/18/2018 16:00:00,19.06,19.28,18.93,18.97,27062
5/21/2018 16:00:00,18.76,19.43,18.75,18.97,9182571
5/22/2018 16:00:00,19.18,19.2,18.23,18.33,8945756
5/23/2018 16:00:00,18.52,18.66,18.27,18.6,5985053
5/24/2018 16:00:00,18.56,18.74,18.33,18.52,4176708
5/25/2018 16:00:00,18.51,18.64,18.37,18.59,3875082
5/29/2018 16:00:00,18.57,19.1,18.41,18.92,5666640
5/30/2018 16:00:00,18.89,19.67,18.77,19.45,7489686
5/31/2018 16:00:00,19.15,19.36,18.86,18.98,5919721
6/1/2018 16:00:00,19.06,19.46,18.92,19.45,5424386
6/4/2018 16:00:00,19.62,19.93,19.57,19.78,4797810
6/5/2018 16:00:00,19.85,19.85,19.12,19.41,5995157
6/6/2018 16:00:00,20.03,21.48,19.83,21.3,18767269
6/7/2018 16:00:00,21.08,22,20.91,21.07,14345271
6/8/2018 16:00:00,21.27,21.63,21.14,21.18,8205202
6/11/2018 16:00:00,21.5,22.31,21.5,22.14,13183473
6/12/2018 16:00:00,22.98,23.66,22.53,22.85,22347403
6/13/2018 16:00:00,23.11,23.15,22.65,22.99,9469804
6/14/2018 16:00:00,23.18,23.92,23.11,23.85,10981023
6/15/2018 16:00:00,23.59,24.31,23.42,23.88,10848254
6/18/2018 16:00:00,23.69,24.92,23.63,24.72,12073226
6/19/2018 16:00:00,24.34,24.67,23.08,23.5,12761903
6/20/2018 16:00:00,23.87,24.29,23.47,24.15,8383656
6/21/2018 16:00:00,24.13,24.41,23.08,23.17,7967145
6/22/2018 16:00:00,23.44,23.48,22.13,22.24,10266059
6/25/2018 16:00:00,22.01,22.56,21.83,22.2,6931304
6/26/2018 16:00:00,22.4,22.9,21.72,22.8,7452487
6/27/2018 16:00:00,23,23.39,22.63,22.97,8333727
6/28/2018 16:00:00,23.24,23.8,23.07,23.33,8398005
6/29/2018 16:00:00,23.56,23.59,22.83,22.86,6492396
7/2/2018 16:00:00,24,24.32,21.99,22.34,18759765
7/3/2018 13:00:00,22.12,22.17,20.65,20.72,12282638
7/5/2018 16:00:00,20.92,20.96,19.75,20.61,17476374
7/6/2018 16:00:00,20.33,20.8,20.13,20.59,8865451
7/9/2018 16:00:00,20.8,21.23,20.53,21.23,7596753
7/10/2018 16:00:00,21.64,21.85,21.28,21.5,9471498
7/11/2018 16:00:00,21.05,21.46,21,21.26,4884076
7/12/2018 16:00:00,21.43,21.55,20.85,21.11,5721166
7/13/2018 16:00:00,21.04,21.31,20.62,21.26,5875770
7/16/2018 16:00:00,20.78,21.01,20.42,20.67,7818655
7/17/2018 16:00:00,20.59,21.65,20.57,21.51,6996232
7/18/2018 16:00:00,21.67,21.7,21.08,21.59,5624211
7/19/2018 16:00:00,21.09,21.57,20.93,21.35,5915345
7/20/2018 16:00:00,21.42,21.55,20.78,20.91,5166547
7/23/2018 16:00:00,20.12,20.37,19.52,20.21,10992947
7/24/2018 16:00:00,20.29,20.51,19.5,19.83,9590784
7/25/2018 16:00:00,19.78,20.64,19.63,20.58,7094180
7/26/2018 16:00:00,20.32,20.71,20.24,20.44,4630522
7/27/2018 16:00:00,20.48,20.51,19.69,19.81,5703326
7/30/2018 16:00:00,19.73,19.74,19.08,19.34,6814072
7/31/2018 16:00:00,19.48,19.89,19.27,19.88,5076916
8/1/2018 16:00:00,19.87,20.2,19.53,20.06,10129430
8/2/2018 16:00:00,21.9,23.33,21.54,23.3,23214962
8/3/2018 16:00:00,23.19,23.67,22.84,23.21,13656486
8/6/2018 16:00:00,23.03,23.67,22.79,22.8,8564331
8/7/2018 16:00:00,22.92,25.83,22.61,25.3,30875768
8/8/2018 16:00:00,24.61,25.51,24.47,24.69,24571163
8/9/2018 16:00:00,24.37,24.47,23.05,23.5,17183811
8/10/2018 16:00:00,23.6,24,23.07,23.7,11552044
8/13/2018 16:00:00,24.08,24.21,23.27,23.76,10463881
8/14/2018 16:00:00,23.9,23.95,23.14,23.18,6986427
8/15/2018 16:00:00,22.79,22.97,22.14,22.58,9101258
8/16/2018 16:00:00,22.66,22.82,22.25,22.36,6064033
8/17/2018 16:00:00,21.57,21.78,20.24,20.37,18958612
8/20/2018 16:00:00,19.45,20.57,19.21,20.56,17402335
8/21/2018 16:00:00,20.71,21.65,20.6,21.46,13172230
8/22/2018 16:00:00,21.39,21.59,20.98,21.44,5945955
8/23/2018 16:00:00,21.28,21.82,21.21,21.34,5147286
8/24/2018 16:00:00,21.38,21.59,21.29,21.52,3602564
8/27/2018 16:00:00,21.2,21.5,20.59,21.28,13079288
8/28/2018 16:00:00,21.23,21.26,20.75,20.79,7649091
8/29/2018 16:00:00,20.68,20.79,20.25,20.33,7447392
8/30/2018 16:00:00,20.15,20.31,19.85,20.21,7216706
8/31/2018 16:00:00,20.13,20.35,19.91,20.11,5375104
9/4/2018 16:00:00,19.8,19.88,19.2,19.26,8350469
9/5/2018 16:00:00,19,19.12,18.48,18.72,7720821
9/6/2018 16:00:00,18.99,19.41,18.59,18.73,7480760
9/7/2018 16:00:00,17.34,17.89,16.82,17.55,22491931
9/10/2018 16:00:00,18.22,19.07,18.07,19.03,14283528
9/11/2018 16:00:00,18.63,18.8,18.24,18.63,9169989
9/12/2018 16:00:00,18.76,19.5,18.58,19.37,10015427
9/13/2018 16:00:00,19.2,19.67,19.01,19.3,6340336
9/14/2018 16:00:00,19.25,19.82,19.1,19.68,6765612
9/17/2018 16:00:00,19.34,20.06,19.21,19.66,6887577
9/18/2018 16:00:00,19.78,20.18,18.37,19,16547522
9/19/2018 16:00:00,18.7,20,18.7,19.93,8294917
9/20/2018 16:00:00,20.24,20.4,19.56,19.89,7349422
9/21/2018 16:00:00,19.85,20.04,19.69,19.94,5050478
9/24/2018 16:00:00,19.9,20.2,19.57,19.98,4842961
9/25/2018 16:00:00,20,20.31,19.77,20.07,4481729
9/26/2018 16:00:00,20.13,20.93,20.07,20.64,7843216
9/27/2018 16:00:00,20.86,21,20.46,20.5,8509084
9/28/2018 16:00:00,18.02,18.53,17.37,17.65,33649694
10/1/2018 16:00:00,20.38,20.76,20.07,20.71,21777597
10/2/2018 16:00:00,20.93,21.12,19.94,20.07,11743511
10/3/2018 16:00:00,20.22,20.31,19.44,19.65,7994988
10/4/2018 16:00:00,19.6,19.6,18.51,18.79,9814212
10/5/2018 16:00:00,18.31,18.33,17.33,17.46,17944537
10/8/2018 16:00:00,17.63,17.85,16.6,16.7,13472653
10/9/2018 16:00:00,17.02,17.78,16.89,17.52,12060574
10/10/2018 16:00:00,17.64,17.7,16.52,17.13,12815278
10/11/2018 16:00:00,17.17,17.48,16.6,16.82,8167738
10/12/2018 16:00:00,17.4,17.47,16.8,17.25,7201404
10/15/2018 16:00:00,17.27,17.55,16.97,17.31,6199965
10/16/2018 16:00:00,17.71,18.49,17.48,18.44,9526401
10/17/2018 16:00:00,18.83,18.85,17.72,18.12,8655542
10/18/2018 16:00:00,17.95,18.07,17.53,17.59,5421184
10/19/2018 16:00:00,17.83,17.98,16.9,17.33,9375549
10/22/2018 16:00:00,17.38,17.46,16.84,17.4,5600260
10/23/2018 16:00:00,17.59,19.86,17.47,19.61,19027753
10/24/2018 16:00:00,20.07,20.3,19.05,19.23,20058258
10/25/2018 16:00:00,21.15,21.4,20.07,20.99,20840724
10/26/2018 16:00:00,20.55,22.66,20.44,22.06,27425520
10/29/2018 16:00:00,22.5,23.14,21.77,22.32,14486027
10/30/2018 16:00:00,21.89,22.53,21.48,21.99,9126704
10/31/2018 16:00:00,22.17,22.8,21.94,22.49,7624348
11/1/2018 16:00:00,22.55,23.19,22.32,22.95,8000132
11/2/2018 16:00:00,22.92,23.28,22.73,23.09,7807971
11/5/2018 16:00:00,22.7,22.93,22.01,22.76,7831048
11/6/2018 16:00:00,22.6,23.25,22.41,22.74,6762889
11/7/2018 16:00:00,22.89,23.41,22.72,23.21,7374522
11/8/2018 16:00:00,23.23,23.84,23.23,23.43,7090674
11/9/2018 16:00:00,23.27,23.6,23.02,23.37,5098846
11/12/2018 16:00:00,23.22,23.32,22.02,22.09,6941523
11/13/2018 16:00:00,22.21,22.98,22.15,22.58,5448597
11/14/2018 16:00:00,22.85,23.14,22.48,22.93,5040287
11/15/2018 16:00:00,22.82,23.24,22.6,23.23,4625719
11/16/2018 16:00:00,23.01,23.71,23.01,23.62,7206191
11/19/2018 16:00:00,23.76,24.45,23.53,23.56,9708871
11/20/2018 16:00:00,22.78,23.32,22.24,23.17,8004709
11/21/2018 16:00:00,23.47,23.54,22.49,22.55,4686808
11/23/2018 13:00:00,22.29,22.5,21.7,21.72,4202642
11/26/2018 16:00:00,21.67,23.08,21.67,23.07,7992141
11/27/2018 16:00:00,22.67,23.13,22.37,22.93,6358300
11/28/2018 16:00:00,23.07,23.22,22.81,23.19,4127578
11/29/2018 16:00:00,23.13,23.17,22.64,22.74,3080724
11/30/2018 16:00:00,22.79,23.44,22.55,23.37,5628895
12/3/2018 16:00:00,24,24.4,23.47,23.9,8306511
12/4/2018 16:00:00,23.74,24.58,23.47,23.98,8461945
12/6/2018 16:00:00,23.73,24.49,23.38,24.2,7842508
12/7/2018 16:00:00,24.6,25.3,23.84,23.86,11511177
12/10/2018 16:00:00,24,24.4,23.54,24.34,6613455
12/11/2018 16:00:00,24.66,24.81,24.02,24.45,6308769
12/12/2018 16:00:00,24.63,24.79,24.34,24.44,5027048
12/13/2018 16:00:00,24.68,25.16,24.45,25.12,7365854
12/14/2018 16:00:00,25,25.19,24.29,24.38,6337555
12/17/2018 16:00:00,24.13,24.38,22.93,23.23,7674008
12/18/2018 16:00:00,23.37,23.44,22.25,22.47,7099999
12/19/2018 16:00:00,22.51,23.13,21.98,22.2,8274181
12/20/2018 16:00:00,21.8,22.02,20.79,21.03,9071858
12/21/2018 16:00:00,21.16,21.56,20.83,21.32,8016801
12/24/2018 13:00:00,20.9,20.97,19.68,19.69,5559913
12/26/2018 16:00:00,20,21.8,19.61,21.74,8163138
12/27/2018 16:00:00,21.32,21.48,20.1,21.08,8575133
12/28/2018 16:00:00,21.54,22.42,21.23,22.26,9938992
12/31/2018 16:00:00,22.52,22.61,21.68,22.19,6302338
1/2/2019 16:00:00,20.41,21.01,19.92,20.67,11658648
1/3/2019 16:00:00,20.47,20.63,19.83,20.02,6965184
1/4/2019 16:00:00,20.4,21.2,20.18,21.18,7394116
1/7/2019 16:00:00,21.45,22.45,21.18,22.33,7551225
1/8/2019 16:00:00,22.8,22.93,21.8,22.36,7008516
1/9/2019 16:00:00,22.37,22.9,22.1,22.57,5432945
1/10/2019 16:00:00,22.29,23.03,22.12,23,6056354
1/11/2019 16:00:00,22.81,23.23,22.58,23.15,5039052
1/14/2019 16:00:00,22.83,22.83,22.27,22.29,5247284
1/15/2019 16:00:00,22.33,23.25,22.3,22.96,6056590
1/16/2019 16:00:00,22.99,23.47,22.9,23.07,4691739
1/17/2019 16:00:00,23.08,23.43,22.94,23.15,3676733
1/18/2019 16:00:00,21.53,21.81,19.98,20.15,24150763
1/22/2019 16:00:00,20.32,20.53,19.7,19.93,12066741
1/23/2019 16:00:00,19.5,19.63,18.78,19.17,12529993
1/24/2019 16:00:00,18.87,19.58,18.62,19.43,8012155
1/25/2019 16:00:00,19.63,19.9,19.3,19.8,7258078
1/28/2019 16:00:00,19.53,19.83,19.18,19.76,6423279
1/29/2019 16:00:00,19.68,19.9,19.45,19.83,4621692
1/30/2019 16:00:00,20.03,20.6,19.9,20.58,11250318
1/31/2019 16:00:00,20.07,20.77,19.6,20.47,12569245
2/1/2019 16:00:00,20.36,21.07,20.23,20.81,7283441
2/4/2019 16:00:00,20.87,21.02,20.13,20.86,7352082
2/5/2019 16:00:00,20.83,21.5,20.82,21.42,6742765
2/6/2019 16:00:00,21.31,21.62,21.04,21.15,5038546
2/7/2019 16:00:00,20.89,20.98,20.2,20.5,6520611
2/8/2019 16:00:00,20.46,20.5,19.9,20.39,5844212
2/11/2019 16:00:00,20.77,21.24,20.7,20.86,7129713
2/12/2019 16:00:00,21.08,21.21,20.64,20.79,5517570
2/13/2019 16:00:00,20.82,20.85,20.37,20.54,5141617
2/14/2019 16:00:00,20.23,20.45,20.07,20.25,5200832
2/15/2019 16:00:00,20.3,20.53,20.26,20.53,3904947
2/19/2019 16:00:00,20.44,20.77,20.36,20.38,4168443
2/20/2019 16:00:00,20.29,20.42,19.93,20.17,7142117
2/21/2019 16:00:00,20.12,20.22,19.37,19.42,8909182
2/22/2019 16:00:00,19.63,19.77,19.47,19.65,5740558
2/25/2019 16:00:00,19.86,20.19,19.8,19.92,6626522
2/26/2019 16:00:00,19.48,20.13,19.25,19.86,8582535
2/27/2019 16:00:00,20.12,21.09,20.04,20.98,11183908
2/28/2019 16:00:00,21.26,21.33,20.72,21.33,10520653
3/1/2019 16:00:00,20.46,20.48,19.46,19.65,22911375
3/4/2019 16:00:00,19.87,19.93,18.85,19.02,17096818
3/5/2019 16:00:00,18.8,18.93,18.01,18.44,18764740
3/6/2019 16:00:00,18.43,18.77,18.29,18.42,10335485
3/7/2019 16:00:00,18.59,18.98,18.28,18.44,9442483
3/8/2019 16:00:00,18.46,19.04,18.39,18.94,8819625
3/11/2019 16:00:00,18.9,19.42,18.7,19.39,7392278
3/12/2019 16:00:00,19.1,19.2,18.74,18.89,7504137
3/13/2019 16:00:00,18.93,19.47,18.85,19.26,6844719
3/14/2019 16:00:00,19.5,19.69,19.22,19.33,7103447
3/15/2019 16:00:00,18.9,18.91,18.29,18.36,14785531
3/18/2019 16:00:00,18.4,18.54,17.82,17.97,10280980
3/19/2019 16:00:00,17.83,18.22,17.56,17.83,11800630
3/20/2019 16:00:00,17.98,18.33,17.75,18.24,6908224
3/21/2019 16:00:00,18.17,18.43,17.9,18.27,5947098
3/22/2019 16:00:00,18.17,18.19,17.6,17.64,8745609
3/25/2019 16:00:00,17.31,17.55,16.96,17.36,10215029
3/26/2019 16:00:00,17.63,18.02,17.63,17.85,7350948
3/27/2019 16:00:00,17.92,18.36,17.88,18.32,8779166
3/28/2019 16:00:00,18.48,18.69,18.34,18.57,6774093
3/29/2019 16:00:00,18.58,18.68,18.3,18.66,5991338
4/1/2019 16:00:00,18.84,19.28,18.75,19.28,8110439
4/2/2019 16:00:00,19.22,19.3,18.93,19.06,5478940
4/3/2019 16:00:00,19.15,19.74,19.14,19.45,7929864
4/4/2019 16:00:00,17.46,18.08,17.37,17.85,23720729
4/5/2019 16:00:00,17.99,18.41,17.74,18.33,13038257
4/8/2019 16:00:00,18.51,18.74,18.03,18.21,10410436
4/9/2019 16:00:00,18.11,18.33,17.97,18.15,5904031
4/10/2019 16:00:00,18.45,18.56,18.19,18.4,7061314
4/11/2019 16:00:00,17.89,18.03,17.71,17.89,9835927
4/12/2019 16:00:00,18.01,18.13,17.79,17.85,6745974
4/15/2019 16:00:00,17.91,17.93,17.24,17.76,10038579
4/16/2019 16:00:00,17.72,18.33,17.65,18.22,7272930
4/17/2019 16:00:00,18.32,18.32,17.9,18.08,5126468
4/18/2019 16:00:00,18.08,18.32,17.98,18.22,5876325
4/22/2019 16:00:00,17.93,17.98,17.5,17.52,12147141
4/23/2019 16:00:00,17.34,17.71,17.05,17.59,10943859
4/24/2019 16:00:00,17.59,17.69,17.2,17.24,10727454
4/25/2019 16:00:00,17,17.27,16.4,16.51,21849393
4/26/2019 16:00:00,16.43,16.45,15.41,15.68,22360709
4/29/2019 16:00:00,15.72,16.27,15.48,16.1,16714476
4/30/2019 16:00:00,16.14,16.28,15.8,15.91,9464628
5/1/2019 16:00:00,15.92,16,15.43,15.6,10704354
5/2/2019 16:00:00,16.37,16.48,15.85,16.27,18159339
5/3/2019 16:00:00,16.26,17.11,16.23,17,23706771
5/6/2019 16:00:00,16.67,17.22,16.57,17.02,10833943
5/7/2019 16:00:00,17.12,17.15,16.34,16.47,10131408
5/8/2019 16:00:00,16.46,16.71,16.28,16.32,6176440
5/9/2019 16:00:00,16.13,16.25,15.8,16.13,6711382
5/10/2019 16:00:00,15.98,16.13,15.73,15.97,7008336
5/13/2019 16:00:00,15.47,15.5,14.97,15.13,10834796
5/14/2019 16:00:00,15.29,15.63,15.2,15.49,7252412
5/15/2019 16:00:00,15.29,15.5,15.02,15.46,7295976
5/16/2019 16:00:00,15.3,15.4,15.1,15.22,7483273
5/17/2019 16:00:00,14.8,14.82,13.93,14.07,17786666
5/20/2019 16:00:00,13.52,13.73,13.02,13.69,20526195
5/21/2019 16:00:00,13.18,13.83,13.07,13.67,18003899
5/22/2019 16:00:00,13.27,13.6,12.79,12.85,18685187
5/23/2019 16:00:00,12.96,13.3,12.41,13.03,26547142
5/24/2019 16:00:00,13.32,13.33,12.58,12.71,14136572
5/28/2019 16:00:00,12.75,13,12.52,12.58,10312901
5/29/2019 16:00:00,12.47,12.83,12.34,12.66,11968638
5/30/2019 16:00:00,12.58,12.82,12.47,12.55,7926475
5/31/2019 16:00:00,12.34,12.66,12.27,12.34,10406732
6/3/2019 16:00:00,12.37,12.45,11.8,11.93,13064410
6/4/2019 16:00:00,12.07,12.93,11.97,12.91,13807522
6/5/2019 16:00:00,13.25,13.42,12.79,13.11,13510756
6/6/2019 16:00:00,13.63,14.07,13.45,13.73,20242151
6/7/2019 16:00:00,13.67,14.06,13.57,13.63,16003527
6/10/2019 16:00:00,14.02,14.46,13.93,14.19,10585039
6/11/2019 16:00:00,14.61,14.73,14.23,14.47,11653537
6/12/2019 16:00:00,14.86,14.89,13.93,13.95,15197544
6/13/2019 16:00:00,14.03,14.33,13.83,14.26,8168260
6/14/2019 16:00:00,14.08,14.44,14.03,14.33,7433402
6/17/2019 16:00:00,14.37,15.13,14.28,15,12316803
6/18/2019 16:00:00,15.25,15.65,14.84,14.98,12715788
6/19/2019 16:00:00,15.01,15.18,14.74,15.1,6575135
6/20/2019 16:00:00,14.87,15.13,14.42,14.64,11863462
6/21/2019 16:00:00,14.41,14.81,14.37,14.79,8202078
6/24/2019 16:00:00,14.88,15.06,14.73,14.91,5750771
6/25/2019 16:00:00,14.96,15.02,14.63,14.65,6182071
6/26/2019 16:00:00,14.69,15.15,14.54,14.62,8507208
6/27/2019 16:00:00,14.63,14.86,14.49,14.86,6339710
6/28/2019 16:00:00,14.73,15.01,14.72,14.9,6851384
7/1/2019 16:00:00,15.35,15.54,15.09,15.14,8237964
7/2/2019 16:00:00,15.26,15.28,14.81,14.97,9259027
7/3/2019 13:00:00,15.96,16.1,15.63,15.66,14201148
7/5/2019 16:00:00,15.64,15.7,15.39,15.54,7065738
7/8/2019 16:00:00,15.42,15.48,15.24,15.36,5880542
7/9/2019 16:00:00,15.26,15.4,15.15,15.34,6190835
7/10/2019 16:00:00,15.61,15.93,15.54,15.93,9145736
7/11/2019 16:00:00,15.88,16.1,15.72,15.91,7514430
7/12/2019 16:00:00,15.98,16.36,15.98,16.34,9200521
7/15/2019 16:00:00,16.53,16.96,16.32,16.9,11000092
7/16/2019 16:00:00,16.62,16.9,16.53,16.83,8148989
7/17/2019 16:00:00,17.04,17.22,16.89,16.99,9764727
7/18/2019 16:00:00,17,17.05,16.79,16.9,4764483
7/19/2019 16:00:00,17.05,17.33,16.97,17.21,7048410
7/22/2019 16:00:00,17.25,17.48,16.95,17.05,6846273
7/23/2019 16:00:00,17.11,17.37,16.97,17.34,5023121
7/24/2019 16:00:00,17.28,17.74,17.21,17.66,11072835
7/25/2019 16:00:00,15.57,15.63,15.04,15.25,22418252
7/26/2019 16:00:00,15.13,15.35,14.82,15.2,10027697
7/29/2019 16:00:00,15.14,15.73,15.07,15.72,9273331
7/30/2019 16:00:00,15.53,16.22,15.48,16.15,8109014
7/31/2019 16:00:00,16.2,16.45,15.78,16.11,9178208
8/1/2019 16:00:00,16.18,16.3,15.45,15.59,8259516
8/2/2019 16:00:00,15.42,15.75,15.28,15.62,6136481
8/5/2019 16:00:00,15.31,15.42,15.05,15.22,7028279
8/6/2019 16:00:00,15.46,15.5,15.05,15.38,5564200
8/7/2019 16:00:00,15.1,15.57,15.05,15.56,4776500
8/8/2019 16:00:00,15.63,15.99,15.51,15.89,5274349
8/9/2019 16:00:00,15.74,15.93,15.59,15.67,3898244
8/12/2019 16:00:00,15.53,15.72,15.25,15.27,4663937
8/13/2019 16:00:00,15.25,15.73,15.17,15.67,4868998
8/14/2019 16:00:00,15.41,15.43,14.45,14.64,9562591
8/15/2019 16:00:00,14.72,14.77,14.1,14.38,8231952
8/16/2019 16:00:00,14.44,14.82,14.4,14.66,5207376
8/19/2019 16:00:00,14.95,15.19,14.78,15.12,5311748
8/20/2019 16:00:00,15.17,15.27,14.97,15.06,4170527
8/21/2019 16:00:00,14.8,14.88,14.51,14.72,7799744
8/22/2019 16:00:00,14.85,15.03,14.55,14.81,6564964
8/23/2019 16:00:00,14.66,14.74,14.07,14.09,8559704
8/26/2019 16:00:00,14.24,14.33,14.1,14.33,5054414
8/27/2019 16:00:00,14.38,14.59,14.14,14.27,5420727
8/28/2019 16:00:00,14.25,14.48,14.15,14.37,3238625
8/29/2019 16:00:00,14.6,14.89,14.53,14.78,5183104
8/30/2019 16:00:00,15.28,15.5,14.95,15.04,9327775
9/3/2019 16:00:00,14.94,15.26,14.88,15,5360546
9/4/2019 16:00:00,15.13,15.23,14.61,14.71,5768696
9/5/2019 16:00:00,14.83,15.32,14.72,15.31,7403322
9/6/2019 16:00:00,15.15,15.31,15.01,15.16,4189372
9/9/2019 16:00:00,15.33,15.58,15.28,15.45,4802669
9/10/2019 16:00:00,15.39,15.7,15.26,15.7,4883714
9/11/2019 16:00:00,15.83,16.54,15.73,16.47,10042777
9/12/2019 16:00:00,16.51,16.9,16.29,16.39,8581210
9/13/2019 16:00:00,16.46,16.56,16.32,16.35,5313145
9/16/2019 16:00:00,16.4,16.5,16.08,16.19,4728096
9/17/2019 16:00:00,16.16,16.37,16.02,16.32,3946909
9/18/2019 16:00:00,16.33,16.54,16.16,16.23,4228103
9/19/2019 16:00:00,16.4,16.53,16.32,16.44,4883135
9/20/2019 16:00:00,16.43,16.46,15.88,16.04,6506264
9/23/2019 16:00:00,16,16.35,15.95,16.08,4391630
9/24/2019 16:00:00,16.1,16.13,14.84,14.88,12941112
9/25/2019 16:00:00,14.97,15.27,14.56,15.25,9444286
9/26/2019 16:00:00,15.38,16.22,15.16,16.17,12078785
9/27/2019 16:00:00,16.15,16.58,15.92,16.14,11123179
9/30/2019 16:00:00,16.2,16.27,15.74,16.06,5946161
10/1/2019 16:00:00,16.1,16.4,15.94,16.31,6196290
10/2/2019 16:00:00,16.22,16.31,15.96,16.21,6256548
10/3/2019 16:00:00,15.46,15.63,14.95,15.54,15137763
10/4/2019 16:00:00,15.44,15.65,15.2,15.43,8021180
10/7/2019 16:00:00,15.32,15.9,15.24,15.85,8086957
10/8/2019 16:00:00,15.72,16.26,15.63,16,8702338
10/9/2019 16:00:00,16.09,16.49,16.04,16.3,6935033
10/10/2019 16:00:00,16.35,16.62,16.11,16.32,6313417
10/11/2019 16:00:00,16.48,16.74,16.45,16.53,8488159
10/14/2019 16:00:00,16.53,17.24,16.48,17.13,10226863
10/15/2019 16:00:00,17.18,17.33,16.94,17.19,6479456
10/16/2019 16:00:00,17.16,17.47,17.13,17.32,6704303
10/17/2019 16:00:00,17.5,17.65,17.34,17.46,4779043
10/18/2019 16:00:00,17.38,17.52,17.01,17.13,5753666
10/21/2019 16:00:00,17.22,17.3,16.68,16.9,5108101
10/22/2019 16:00:00,16.95,17.22,16.72,17.04,4625095
10/23/2019 16:00:00,16.97,17.08,16.76,16.98,11216182
10/24/2019 16:00:00,19.89,20.33,19.28,19.98,29819231
10/25/2019 16:00:00,19.85,22,19.74,21.88,30006091
10/28/2019 16:00:00,21.84,22.72,21.51,21.85,18870286
10/29/2019 16:00:00,21.33,21.62,20.98,21.08,12684267
10/30/2019 16:00:00,20.87,21.25,20.66,21,9641810
10/31/2019 16:00:00,20.87,21.27,20.87,20.99,5066956
11/1/2019 16:00:00,21.09,21.1,20.65,20.89,6383929
11/4/2019 16:00:00,20.99,21.46,20.62,21.16,8787040
11/5/2019 16:00:00,21.31,21.57,21.07,21.15,6943417
11/6/2019 16:00:00,21.2,21.78,20.97,21.77,7940932
11/7/2019 16:00:00,21.94,22.77,21.87,22.37,14467348
11/8/2019 16:00:00,22.3,22.5,22.17,22.48,6074221
11/11/2019 16:00:00,22.93,23.28,22.8,23.01,9993689
11/12/2019 16:00:00,23.13,23.36,22.94,23.33,7359383
11/13/2019 16:00:00,23.67,23.76,23.01,23.07,8467863
11/14/2019 16:00:00,23.07,23.59,22.86,23.29,6471703
11/15/2019 16:00:00,23.38,23.52,23.22,23.48,4812563
11/18/2019 16:00:00,23.53,23.54,23.07,23.33,4408505
11/19/2019 16:00:00,23.45,24,23.19,23.97,7736078
11/20/2019 16:00:00,24,24.08,23.3,23.48,6733965
11/21/2019 16:00:00,23.63,24.06,23.6,23.66,6110013
11/22/2019 16:00:00,22.68,22.73,22,22.2,16870642
11/25/2019 16:00:00,22.95,22.97,22.3,22.42,12345765
11/26/2019 16:00:00,22.35,22.37,21.81,21.93,7956239
11/27/2019 16:00:00,22.07,22.26,21.9,22.09,5563459
11/29/2019 13:00:00,22.07,22.08,21.83,22,2465629
12/2/2019 16:00:00,21.96,22.43,21.91,22.32,6081986
12/3/2019 16:00:00,22.17,22.53,22.15,22.41,6613476
12/4/2019 16:00:00,22.52,22.52,22.19,22.2,5536255
12/5/2019 16:00:00,22.19,22.29,21.82,22.02,3736976
12/6/2019 16:00:00,22.33,22.59,22.32,22.39,7618937
12/9/2019 16:00:00,22.44,22.96,22.34,22.64,9040217
12/10/2019 16:00:00,22.66,23.38,22.62,23.26,8839951
12/11/2019 16:00:00,23.46,23.81,23.41,23.51,6919162
12/12/2019 16:00:00,23.66,24.18,23.55,23.98,7776211
12/13/2019 16:00:00,24.07,24.35,23.64,23.89,6574281
12/16/2019 16:00:00,24.17,25.57,24.17,25.43,18220940
12/17/2019 16:00:00,25.27,25.7,25.06,25.27,8503775
12/18/2019 16:00:00,25.38,26.35,25.37,26.21,14136392
12/19/2019 16:00:00,26.49,27.12,26.43,26.94,18120307
12/20/2019 16:00:00,27.35,27.53,26.68,27.04,14785206
12/23/2019 16:00:00,27.45,28.13,27.33,27.95,13332821
12/24/2019 13:00:00,27.89,28.36,27.51,28.35,8054720
12/26/2019 16:00:00,28.53,28.9,28.42,28.73,10648289
12/27/2019 16:00:00,29,29.02,28.41,28.69,9956827
12/30/2019 16:00:00,28.59,28.6,27.28,27.65,12601265
12/31/2019 16:00:00,27,28.09,26.81,27.89,10292456
1/2/2020 16:00:00,28.3,28.71,28.11,28.68,9558386
1/3/2020 16:00:00,29.37,30.27,29.13,29.53,17794697
1/6/2020 16:00:00,29.36,30.1,29.33,30.1,10157499
1/7/2020 16:00:00,30.76,31.44,30.22,31.27,18209138
1/8/2020 16:00:00,31.58,33.23,31.22,32.81,31199393
1/9/2020 16:00:00,33.14,33.25,31.52,32.09,28463186
1/10/2020 16:00:00,32.12,32.33,31.58,31.88,12976832
1/13/2020 16:00:00,32.9,35.04,32.8,34.99,26634547
1/14/2020 16:00:00,36.28,36.49,34.99,35.86,29061377
1/15/2020 16:00:00,35.32,35.86,34.45,34.57,17368831
1/16/2020 16:00:00,32.92,34.3,32.81,34.23,21736653
1/17/2020 16:00:00,33.84,34.38,33.54,34.03,13629073
1/21/2020 16:00:00,35.35,36.57,35.23,36.48,17803471
1/22/2020 16:00:00,38.13,39.63,37.27,37.97,31369028
1/23/2020 16:00:00,37.62,38.8,37.04,38.15,19651042
1/24/2020 16:00:00,38.04,38.26,36.95,37.65,14353600
1/27/2020 16:00:00,36.13,37.63,35.95,37.2,13608068
1/28/2020 16:00:00,37.9,38.45,37.21,37.79,11788493
1/29/2020 16:00:00,38.38,39.32,37.83,38.73,18216672
1/30/2020 16:00:00,42.16,43.39,41.2,42.72,29005676
1/31/2020 16:00:00,42.67,43.53,42.17,43.37,15719266
2/3/2020 16:00:00,44.91,52.41,44.9,52,47233495
2/4/2020 16:00:00,58.86,64.6,55.59,59.14,60938758
2/5/2020 16:00:00,54.88,56.4,46.94,48.98,48423837
2/6/2020 16:00:00,46.66,53.06,45.8,49.93,39880752
2/7/2020 16:00:00,48.7,51.32,48.67,49.87,17063521
2/10/2020 16:00:00,53.33,54.67,50.16,51.42,24689163
2/11/2020 16:00:00,51.25,52.23,50.53,51.63,11697473
2/12/2020 16:00:00,51.86,52.65,50.89,51.15,12022470
2/13/2020 16:00:00,49.46,54.53,49,53.6,26289348
2/14/2020 16:00:00,52.48,54.2,52.37,53.34,15693711
2/18/2020 16:00:00,56.11,57.33,55.49,57.23,16698369
2/19/2020 16:00:00,61.57,62.99,60.07,61.16,25422958
2/20/2020 16:00:00,60.8,60.8,57.33,59.96,17634893
2/21/2020 16:00:00,60.47,60.87,58.7,60.07,14339446
2/24/2020 16:00:00,55.93,57.57,54.81,55.59,15192163
2/25/2020 16:00:00,56.6,57.11,52.47,53.33,17290481
2/26/2020 16:00:00,52.17,54.22,51.74,51.92,14153843
2/27/2020 16:00:00,48.67,49.32,44.6,45.27,24277160
2/28/2020 16:00:00,41.98,46.03,40.77,44.53,24564171
3/2/2020 16:00:00,47.42,49.58,45.78,49.57,20194991
3/3/2020 16:00:00,53.67,53.8,47.74,49.7,25784003
3/4/2020 16:00:00,50.93,51.1,48.32,49.97,15048977
3/5/2020 16:00:00,48.25,49.72,47.87,48.3,10852657
3/6/2020 16:00:00,46,47.13,45.62,46.9,12662918
3/9/2020 16:00:00,40.36,44.2,40.33,40.53,17073740
3/10/2020 16:00:00,43.96,44.53,40.53,43.02,15594443
3/11/2020 16:00:00,42.68,43.57,40.87,42.28,13413587
3/12/2020 16:00:00,38.73,39.63,36.42,37.37,18909052
3/13/2020 16:00:00,39.67,40.5,33.47,36.44,22640254
3/16/2020 16:00:00,31.3,32.99,29.48,29.67,20489464
3/17/2020 16:00:00,29.33,31.46,26.4,28.68,23994580
3/18/2020 16:00:00,25.93,26.99,23.37,24.08,23786162
3/19/2020 16:00:00,24.98,30.13,23.9,28.51,30195460
3/20/2020 16:00:00,29.21,31.8,28.39,28.5,28285502
3/23/2020 16:00:00,28.91,29.47,27.37,28.95,16454549
3/24/2020 16:00:00,31.82,34.25,31.6,33.67,22895170
3/25/2020 16:00:00,36.35,37.13,34.07,35.95,21222745
3/26/2020 16:00:00,36.49,37.33,34.15,35.21,17422082
3/27/2020 16:00:00,33.67,35.05,32.94,34.29,14377408
3/30/2020 16:00:00,34.02,34.44,32.75,33.48,11998067
3/31/2020 16:00:00,33.42,36.2,33.13,34.93,17771485
4/1/2020 16:00:00,33.6,34.26,31.67,32.1,13353180
4/2/2020 16:00:00,32.07,32.95,29.76,30.3,19858427
4/3/2020 16:00:00,33.97,34.37,31.23,32,22562076
4/6/2020 16:00:00,34.08,34.73,33.2,34.42,14901836
4/7/2020 16:00:00,36.33,37.67,35.49,36.36,17919784
4/8/2020 16:00:00,36.95,37.15,35.56,36.59,12656024
4/9/2020 16:00:00,37.47,38.35,37.14,38.2,13650000
4/13/2020 16:00:00,39.34,43.47,38.7,43.4,22475421
4/14/2020 16:00:00,46.6,49.46,46.16,47.33,30576511
4/15/2020 16:00:00,49.47,50.21,47.33,48.66,23577001
4/16/2020 16:00:00,47.8,50.63,47.11,49.68,20657862
4/17/2020 16:00:00,51.49,51.66,49.84,50.26,13128237
4/20/2020 16:00:00,48.85,51.04,47.48,49.76,14746577
4/21/2020 16:00:00,48.67,50.22,44.92,45.78,20209093
4/22/2020 16:00:00,46.93,48.93,45.91,48.81,14224831
4/23/2020 16:00:00,48.51,48.93,46.88,47.04,13236697
4/24/2020 16:00:00,47.39,48.72,46.55,48.34,13237612
4/27/2020 16:00:00,49.17,53.3,49,53.25,20681442
4/28/2020 16:00:00,53.04,53.67,50.45,51.27,15221964
4/29/2020 16:00:00,52.68,53.55,52.21,53.37,16215982
4/30/2020 16:00:00,57.01,57.99,50.9,52.13,28471854
5/1/2020 16:00:00,50.33,51.52,45.54,46.75,32531807
5/4/2020 16:00:00,46.73,50.8,46.53,50.75,19237090
5/5/2020 16:00:00,52.65,53.26,50.81,51.21,16991656
5/6/2020 16:00:00,51.77,52.65,50.74,52.17,11123231
5/7/2020 16:00:00,51.81,53.09,51.49,52,11527686
5/8/2020 16:00:00,52.92,54.93,52.47,54.63,16130087
5/11/2020 16:00:00,52.7,54.93,52.33,54.09,16519601
5/12/2020 16:00:00,55.13,56.22,53.87,53.96,15906905
5/13/2020 16:00:00,54.72,55.07,50.89,52.73,19065491
5/14/2020 16:00:00,52,53.56,50.93,53.56,13682188
5/15/2020 16:00:00,52.69,53.67,52.44,53.28,10518428
5/18/2020 16:00:00,55.19,55.65,53.59,54.24,11698102
5/19/2020 16:00:00,54.34,54.8,53.74,53.87,9636522
5/20/2020 16:00:00,54.7,55.07,54.12,54.37,7309271
5/21/2020 16:00:00,54.4,55.5,53.07,55.17,12254584
5/22/2020 16:00:00,54.81,55.45,54.13,54.46,9987475
5/26/2020 16:00:00,55.63,55.64,54.38,54.59,8089736
5/27/2020 16:00:00,54.72,55.18,52.33,54.68,11549530
5/28/2020 16:00:00,54.23,54.98,53.45,53.72,7275774
5/29/2020 16:00:00,53.92,55.67,53.61,55.67,11812489
6/1/2020 16:00:00,57.2,59.93,56.94,59.87,15085297
6/2/2020 16:00:00,59.65,60.58,58.07,58.77,13565596
6/3/2020 16:00:00,59.21,59.86,58.67,58.86,7949469
6/4/2020 16:00:00,59.33,59.72,57.23,57.63,8887713
6/5/2020 16:00:00,58.52,59.1,57.75,59.04,7811917
6/8/2020 16:00:00,61.27,63.33,60.61,63.33,14174727
6/9/2020 16:00:00,62.67,63.63,61.6,62.71,11388154
6/10/2020 16:00:00,66.13,68.5,65.5,68.34,18563413
6/11/2020 16:00:00,66.01,67.93,64.8,64.86,15916482
6/12/2020 16:00:00,65.33,65.87,60.84,62.35,16763374
6/15/2020 16:00:00,61.19,66.59,60.57,66.06,15697178
6/16/2020 16:00:00,67.46,67.53,64.16,65.48,14051078
6/17/2020 16:00:00,65.85,67,65.5,66.12,9890800
6/18/2020 16:00:00,66.87,67.95,66.3,66.93,9751936
6/19/2020 16:00:00,67.52,67.73,66.09,66.73,8679749
6/22/2020 16:00:00,66.66,67.26,66,66.29,6362350
6/23/2020 16:00:00,66.59,67.47,66.27,66.79,6365271
6/24/2020 16:00:00,66.27,66.73,63.54,64.06,10959593
6/25/2020 16:00:00,63.62,65.73,62.48,65.73,9254549
6/26/2020 16:00:00,66.32,66.33,63.66,63.98,8854908
6/29/2020 16:00:00,64.6,67.33,63.23,67.29,9026404
6/30/2020 16:00:00,67.1,72.51,66.92,71.99,16918501
7/1/2020 16:00:00,72.2,75.69,72.03,74.64,13326896
7/2/2020 16:00:00,81.43,81.87,79.04,80.58,17250115
7/6/2020 16:00:00,85.11,91.85,84.4,91.44,20569864
7/7/2020 16:00:00,93.67,95.3,89.11,92.66,21489661
7/8/2020 16:00:00,93.67,94.48,87.42,91.06,16311312
7/9/2020 16:00:00,93.13,93.9,90.09,92.95,11717598
7/10/2020 16:00:00,93.07,103.26,91.73,102.98,23337553
7/13/2020 16:00:00,110.6,119.67,98.07,99.8,38985362
7/14/2020 16:00:00,103.73,106,95.4,101.12,23418140
7/15/2020 16:00:00,102.87,103.33,97.13,103.07,16367829
7/16/2020 16:00:00,98.48,102.11,97.73,100.04,14300785
7/17/2020 16:00:00,100.9,102.5,99.33,100.06,9329972
7/20/2020 16:00:00,101.27,110,99.2,109.53,17121367
7/21/2020 16:00:00,109.33,111.67,103.87,104.56,16157280
7/22/2020 16:00:00,106.6,108.43,104.13,106.16,14161080
7/23/2020 16:00:00,111.93,112.6,98.72,100.87,24328504
7/24/2020 16:00:00,94.4,97.67,91.1,94.47,19396616
7/27/2020 16:00:00,95.67,103.2,94.2,102.64,16048669
7/28/2020 16:00:00,100.27,104.31,98.29,98.43,15808700
7/29/2020 16:00:00,100.07,102.32,99.13,99.94,9426893
7/30/2020 16:00:00,99.2,100.88,98.07,99.17,7621039
7/31/2020 16:00:00,101,101.14,94.73,95.38,12246960
8/3/2020 16:00:00,96.61,100.65,96.29,99,8809346
8/4/2020 16:00:00,99.67,101.83,97.47,99.13,8414990
8/5/2020 16:00:00,99.53,99.99,97.89,99,4978015
8/6/2020 16:00:00,99.39,101.15,98.48,99.31,5992313
8/7/2020 16:00:00,99.97,99.98,94.33,96.85,8896420
8/10/2020 16:00:00,96.53,97.17,92.39,94.57,7522264
8/11/2020 16:00:00,93.07,94.67,91,91.63,8625834
8/12/2020 16:00:00,98,105.67,95.67,103.65,21898834
8/13/2020 16:00:00,107.4,110.08,104.48,108.07,20425308
8/14/2020 16:00:00,111,111.25,108.44,110.05,12577614
8/17/2020 16:00:00,111.8,123.06,111.52,122.38,20242323
8/18/2020 16:00:00,126.6,128.26,123.01,125.81,16474491
8/19/2020 16:00:00,124.33,127.4,122.75,125.24,12205331
8/20/2020 16:00:00,124.05,134.8,123.8,133.46,20611796
8/21/2020 16:00:00,136.32,139.7,135,136.67,21489559
8/24/2020 16:00:00,141.75,141.93,128.5,134.28,20063621
8/25/2020 16:00:00,131.66,135.2,131.2,134.89,10658893
8/26/2020 16:00:00,137.33,144.4,136.91,143.54,14239382
8/27/2020 16:00:00,145.36,153.04,142.83,149.25,23693043
8/28/2020 16:00:00,153.01,154.57,145.77,147.56,20081176
8/31/2020 16:00:00,148.2,166.71,146.7,166.11,118374406
9/1/2020 16:00:00,167.38,167.5,156.84,158.35,90119419
9/2/2020 16:00:00,159.66,159.68,135.04,149.12,96176128
9/3/2020 16:00:00,135.74,143.93,134,135.67,87596086
9/4/2020 16:00:00,134.27,142.67,124.01,139.44,110321885
9/8/2020 16:00:00,118.67,122.91,109.96,110.07,115465691
9/9/2020 16:00:00,118.87,123,113.84,122.09,79465769
9/10/2020 16:00:00,128.74,133,120.19,123.78,84930608
9/11/2020 16:00:00,127.31,127.5,120.17,124.24,60717459
9/14/2020 16:00:00,126.98,140,124.43,139.87,83020608
9/15/2020 16:00:00,145.52,153.98,143.57,149.92,97298228
9/16/2020 16:00:00,146.62,152.6,145.1,147.25,72546760
9/17/2020 16:00:00,138.53,145.93,136,141.14,76779163
9/18/2020 16:00:00,149.31,150.33,142.93,147.38,86406819
9/21/2020 16:00:00,151.04,151.89,135.69,149.8,109476800
9/22/2020 16:00:00,143.2,145.92,139.2,141.41,79580795
9/23/2020 16:00:00,135.05,137.38,125.29,126.79,95074176
9/24/2020 16:00:00,121.27,133.17,117.1,129.26,96561061
9/25/2020 16:00:00,131.16,136.24,130.43,135.78,67208459
9/28/2020 16:00:00,141.54,142.69,138.52,140.4,49719561
9/29/2020 16:00:00,138.67,142.83,137.2,139.69,50341404
9/30/2020 16:00:00,140.44,144.64,140.16,143,48145566
10/1/2020 16:00:00,146.92,149.63,144.81,149.39,50741454
10/2/2020 16:00:00,140.46,146.38,138.33,138.36,71430025
10/5/2020 16:00:00,141.12,144.55,139.78,141.89,44722786
10/6/2020 16:00:00,141.26,142.93,135.35,137.99,49146259
10/7/2020 16:00:00,139.96,143.3,137.95,141.77,43127709
10/8/2020 16:00:00,146.15,146.33,141.77,141.97,40421116
10/9/2020 16:00:00,143.38,144.86,142.15,144.67,28925656
10/12/2020 16:00:00,147.33,149.58,146.19,147.43,38791133
10/13/2020 16:00:00,147.78,149.63,145.53,148.88,34463665
10/14/2020 16:00:00,149.93,155.3,149.12,153.77,48045394
10/15/2020 16:00:00,150.1,152.19,147.5,149.63,35672354
10/16/2020 16:00:00,151.48,151.98,146.28,146.56,32775879
10/19/2020 16:00:00,148.75,149,142.96,143.61,36287843
10/20/2020 16:00:00,143.92,143.92,139.68,140.65,31656289
10/21/2020 16:00:00,140.9,144.32,140.42,140.88,32370461
10/22/2020 16:00:00,147.31,148.41,141.5,141.93,39993191
10/23/2020 16:00:00,140.61,140.96,135.79,140.21,33716980
10/26/2020 16:00:00,137.21,141.92,136.67,140.09,28239161
10/27/2020 16:00:00,141.25,143.5,140.03,141.56,22686506
10/28/2020 16:00:00,138.83,139.53,135.33,135.34,25451409
10/29/2020 16:00:00,136.65,139.35,135.49,136.94,22655308
10/30/2020 16:00:00,135.63,135.86,126.37,129.35,42587639
11/2/2020 16:00:00,131.33,135.66,130.77,133.5,29021118
11/3/2020 16:00:00,136.58,142.59,135.56,141.3,34351715
11/4/2020 16:00:00,143.54,145.13,139.03,140.33,32143057
11/5/2020 16:00:00,142.77,146.67,141.33,146.03,28414523
11/6/2020 16:00:00,145.37,145.52,141.43,143.32,21706014
11/9/2020 16:00:00,146.5,150.83,140.33,140.42,34833025
11/10/2020 16:00:00,140.03,140.03,132.01,136.79,30284224
11/11/2020 16:00:00,138.82,139.57,136.86,139.04,17357722
11/12/2020 16:00:00,138.35,141,136.51,137.25,19940500
11/13/2020 16:00:00,136.95,137.51,133.89,136.17,19830351
11/16/2020 16:00:00,136.31,137.48,134.7,136.03,26838635
11/17/2020 16:00:00,153.39,154,144.34,147.2,61188281
11/18/2020 16:00:00,149.45,165.33,147.83,162.21,78044024
11/19/2020 16:00:00,164,169.54,162.52,166.42,62475346
11/20/2020 16:00:00,166,167.5,163.02,163.2,32911922
11/23/2020 16:00:00,167.83,175.33,167.26,173.95,50260304
11/24/2020 16:00:00,180.13,186.66,175.4,185.13,53648494
11/25/2020 16:00:00,183.35,191.33,181.79,191.33,48930162
11/27/2020 13:00:00,193.72,199.59,192.82,195.25,37561078
11/30/2020 16:00:00,200.74,202.6,184.84,189.2,63003052
12/1/2020 16:00:00,199.2,199.28,190.68,194.92,40382832
12/2/2020 16:00:00,185.48,190.51,180.4,189.61,47775653
12/3/2020 16:00:00,196.67,199.66,194.14,197.79,42552003
12/4/2020 16:00:00,197,199.68,195.17,199.68,29401314
12/7/2020 16:00:00,201.64,216.26,201.02,213.92,56309709
12/8/2020 16:00:00,208.5,217.09,206.17,216.63,64265029
12/9/2020 16:00:00,217.9,218.11,196,201.49,71291190
12/10/2020 16:00:00,191.46,209.25,188.78,209.02,67083153
12/11/2020 16:00:00,205,208,198.93,203.33,46474974
12/14/2020 16:00:00,206.33,214.25,203.4,213.28,52040649
12/15/2020 16:00:00,214.43,215.63,207.93,211.08,45223559
12/16/2020 16:00:00,209.41,210.83,201.67,207.59,42095813
12/17/2020 16:00:00,209.4,219.61,206.5,218.63,56270144
12/18/2020 16:00:00,222.97,231.67,209.51,231.67,222126194
12/21/2020 16:00:00,222.08,222.83,215.36,216.62,58045264
12/22/2020 16:00:00,216,216.63,204.74,213.45,51861644
12/23/2020 16:00:00,210.73,217.17,207.52,215.33,33172972
12/24/2020 13:00:00,214.33,222.03,213.67,220.59,22865568
12/28/2020 16:00:00,224.84,227.13,220.27,221.23,32278561
12/29/2020 16:00:00,220.33,223.3,218.33,222,22910811
12/30/2020 16:00:00,224,232.2,222.79,231.59,42846021
12/31/2020 16:00:00,233.33,239.57,230.37,235.22,49649928
1/4/2021 16:00:00,239.82,248.16,239.06,243.26,48638189
1/5/2021 16:00:00,241.22,246.95,239.73,245.04,32245165
1/6/2021 16:00:00,252.83,258,249.7,251.99,44699965
1/7/2021 16:00:00,259.21,272.33,258.4,272.01,51498948
1/8/2021 16:00:00,285.33,294.83,279.46,293.34,75055528
1/11/2021 16:00:00,283.13,284.81,267.87,270.4,59554146
1/12/2021 16:00:00,277,289.33,275.78,283.15,46270720
1/13/2021 16:00:00,284.25,286.82,277.33,284.8,33312496
1/14/2021 16:00:00,281.13,287.67,279.58,281.67,31266327
1/15/2021 16:00:00,284,286.63,273.03,275.39,38777596
1/19/2021 16:00:00,279.27,283.33,277.67,281.52,25366980
1/20/2021 16:00:00,286.25,286.5,279.09,283.48,25665883
1/21/2021 16:00:00,285,285.24,280.47,281.66,20598133
1/22/2021 16:00:00,278.1,282.67,276.21,282.21,20066497
1/25/2021 16:00:00,285,300.13,279.61,293.6,41173397
1/26/2021 16:00:00,297.13,298.63,290.53,294.36,23131603
1/27/2021 16:00:00,290.12,297.17,286.22,288.05,27333955
1/28/2021 16:00:00,273.33,282.67,267,278.48,26378048
1/29/2021 16:00:00,276.67,280.8,260.03,264.51,34990754
2/1/2021 16:00:00,271.43,280.67,265.19,279.94,25391385
2/2/2021 16:00:00,281.56,293.5,280.73,290.93,24346213
2/3/2021 16:00:00,292.34,292.69,284.35,284.9,18343510
2/4/2021 16:00:00,285,285.5,277.81,283.33,15812661
2/5/2021 16:00:00,281.67,288.26,279.66,284.08,18566637
2/8/2021 16:00:00,289.89,292.59,284.92,287.81,20161719
2/9/2021 16:00:00,285.04,286.6,280.58,283.15,15157651
2/10/2021 16:00:00,281.21,281.61,266.67,268.27,36216090
2/11/2021 16:00:00,270.81,276.63,267.24,270.55,21622753
2/12/2021 16:00:00,267.09,272.44,261.78,272.04,23768313
2/16/2021 16:00:00,272.67,273.67,264.15,265.41,19802324
2/17/2021 16:00:00,259.7,266.61,254,266.05,26078898
2/18/2021 16:00:00,260.3,264.9,258.76,262.46,17957058
2/19/2021 16:00:00,265,265.6,259.12,260.43,18958255
2/22/2021 16:00:00,254.21,256.17,236.73,238.17,37269716
2/23/2021 16:00:00,220.71,237.87,206.33,232.95,66606882
2/24/2021 16:00:00,237.28,248.33,231.39,247.34,36766950
2/25/2021 16:00:00,242.05,245.74,223.53,227.41,39023855
2/26/2021 16:00:00,233.33,235.57,219.84,225.17,41089173
3/1/2021 16:00:00,230.04,290.67,228.35,239.48,27136239
3/2/2021 16:00:00,239.43,240.37,228.33,228.81,23732158
3/3/2021 16:00:00,229.33,233.57,217.24,217.73,30207960
3/4/2021 16:00:00,218.6,291.31,200,207.15,65919530
3/5/2021 16:00:00,208.69,209.28,179.83,199.32,89396459
3/8/2021 16:00:00,200.18,206.71,186.26,187.67,51786958
3/9/2021 16:00:00,202.73,226.03,198.4,224.53,67523328
3/10/2021 16:00:00,233.43,239.28,218.35,222.69,60605672
3/11/2021 16:00:00,233.13,234.17,225.73,233.2,36253892
3/12/2021 16:00:00,223.33,231.63,222.05,231.24,33583840
3/15/2021 16:00:00,231.36,237.73,228.01,235.98,29423479
3/16/2021 16:00:00,234.45,235.97,223.67,225.63,32195672
3/17/2021 16:00:00,218.96,234.58,217,233.94,40372453
3/18/2021 16:00:00,228.1,229.74,217.33,217.72,33369022
3/19/2021 16:00:00,215.53,219.08,208.21,218.29,42893978
3/22/2021 16:00:00,228.2,233.21,222.92,223.33,39512221
3/23/2021 16:00:00,225.26,225.93,219.17,220.72,30491870
3/24/2021 16:00:00,222.64,222.67,210.04,210.09,33795174
3/25/2021 16:00:00,204.33,215.17,203.17,213.46,39224850
3/26/2021 16:00:00,213.96,214.61,199.96,206.24,33852827
3/29/2021 16:00:00,205.21,205.49,198.67,203.76,28636985
3/30/2021 16:00:00,200.58,212.55,197,211.87,39432359
3/31/2021 16:00:00,215.54,224,213.7,222.64,33337288
4/1/2021 16:00:00,229.46,230.81,219.81,220.58,35298378
4/5/2021 16:00:00,235.9,236.05,228.23,230.35,41842767
4/6/2021 16:00:00,230.1,232.18,227.12,230.54,28271839
4/7/2021 16:00:00,229,230.46,222.61,223.66,26309433
4/8/2021 16:00:00,225.79,229.85,223.88,227.93,23924329
4/9/2021 16:00:00,225.92,226.99,223.14,225.67,21437087
4/12/2021 16:00:00,228.57,234.93,227.36,233.99,29135670
4/13/2021 16:00:00,237.57,254.33,236.89,254.11,44652808
4/14/2021 16:00:00,256.9,260.26,242.68,244.08,49017434
4/15/2021 16:00:00,247.7,247.9,240.44,246.28,27848900
4/16/2021 16:00:00,242.88,249.8,241.53,246.59,27979526
4/19/2021 16:00:00,239.87,241.8,230.6,238.21,39686226
4/20/2021 16:00:00,239.14,245.75,236.9,239.66,35609038
4/21/2021 16:00:00,234.92,248.28,232.67,248.04,31215514
4/22/2021 16:00:00,247.17,251.26,239.35,239.9,35590255
4/23/2021 16:00:00,239.93,245.79,238.49,243.13,28413889
4/26/2021 16:00:00,247,249.77,244.2,246.07,31038502
4/27/2021 16:00:00,239.32,241.33,234.45,234.91,29436995
4/28/2021 16:00:00,232.14,236.17,231.2,231.47,22271047
4/29/2021 16:00:00,233.17,234.08,222.83,225.67,28845449
4/30/2021 16:00:00,222.53,238.49,222.05,236.48,40758722
5/3/2021 16:00:00,234.6,235.33,226.83,228.3,27043143
5/4/2021 16:00:00,226.31,227.82,219.23,224.53,29739319
5/5/2021 16:00:00,227.02,228.43,222.45,223.65,21901894
5/6/2021 16:00:00,226.92,227.01,216.67,221.18,27784619
5/7/2021 16:00:00,221.93,230,220.07,224.12,23469172
5/10/2021 16:00:00,221.63,221.68,209.2,209.68,31392417
5/11/2021 16:00:00,199.75,209.03,198.53,205.73,46503896
5/12/2021 16:00:00,200.83,206.8,195.59,196.63,33823646
5/13/2021 16:00:00,200.52,202.15,186.55,190.56,44184916
5/14/2021 16:00:00,194.47,197.62,190.15,196.58,33370856
5/17/2021 16:00:00,191.85,196.58,187.07,192.28,32390360
5/18/2021 16:00:00,189.33,198.75,187.79,192.62,36830567
5/19/2021 16:00:00,184.18,188.74,182.33,187.82,39578395
5/20/2021 16:00:00,191.67,196.28,190.36,195.59,30821119
5/21/2021 16:00:00,198.7,198.89,193.33,193.63,26030595
5/24/2021 16:00:00,193.87,204.83,191.22,202.15,34558089
5/25/2021 16:00:00,202.44,204.66,198.57,201.56,28005933
5/26/2021 16:00:00,202.52,208.72,200.5,206.38,28639305
5/27/2021 16:00:00,206.75,210.38,205.4,210.28,26370593
5/28/2021 16:00:00,209.5,211.86,207.46,208.41,22737038
6/1/2021 16:00:00,209.27,211.27,206.85,207.97,18084890
6/2/2021 16:00:00,206.71,207.79,199.71,201.71,23302779
6/3/2021 16:00:00,200.6,201.52,190.41,190.95,30111893
6/4/2021 16:00:00,193.24,200.2,192.4,199.68,24036896
6/7/2021 16:00:00,197.28,203.33,194.29,201.71,22543682
6/8/2021 16:00:00,207.67,207.7,198.5,201.2,26053405
6/9/2021 16:00:00,200.72,203.93,199.21,199.59,16584566
6/10/2021 16:00:00,201.29,205.53,200.17,203.37,23919606
6/11/2021 16:00:00,203.41,204.19,200.51,203.3,16205303
6/14/2021 16:00:00,204.08,208.5,203.06,205.9,20423983
6/15/2021 16:00:00,205.56,205.6,199.41,199.79,17764145
6/16/2021 16:00:00,199.18,202.83,197.83,201.62,22144127
6/17/2021 16:00:00,200.63,207.16,200.45,205.53,22701350
6/18/2021 16:00:00,204.46,209.45,203.93,207.77,24560905
6/21/2021 16:00:00,208.16,210.46,202.96,206.94,24812741
6/22/2021 16:00:00,206.08,209.52,205.17,207.9,19158892
6/23/2021 16:00:00,210.67,219.07,210.01,218.86,31099228
6/24/2021 16:00:00,225,232.54,222.54,226.61,45982386
6/25/2021 16:00:00,229.86,231.27,222.9,223.96,32496707
6/28/2021 16:00:00,223.88,231.57,223.44,229.57,21628159
6/29/2021 16:00:00,228.22,229.17,225.3,226.92,17381313
6/30/2021 16:00:00,226.59,230.94,226.05,226.57,18924862
7/1/2021 16:00:00,227.97,229.33,224.27,225.97,18634522
7/2/2021 16:00:00,226.33,233.33,224.42,226.3,27097374
7/6/2021 16:00:00,227.24,228,217.13,219.86,23284450
7/7/2021 16:00:00,221.42,221.9,212.77,214.88,18791960
7/8/2021 16:00:00,209.46,218.14,206.82,217.6,22773316
7/9/2021 16:00:00,217.73,219.64,214.9,218.98,18140548
7/12/2021 16:00:00,220.73,229.08,220.72,228.57,25927042
7/13/2021 16:00:00,228.77,231.09,222.1,222.85,20966092
7/14/2021 16:00:00,223.58,226.2,217.61,217.79,21641190
7/15/2021 16:00:00,219.46,222.05,212.63,216.87,20209571
7/16/2021 16:00:00,218.23,218.9,214.07,214.74,16370970
7/19/2021 16:00:00,209.96,215.73,207.1,215.41,21297090
7/20/2021 16:00:00,217.33,220.8,213.5,220.17,15487127
7/21/2021 16:00:00,219.87,221.62,216.76,218.43,13953338
7/22/2021 16:00:00,218.81,220.72,214.87,216.42,15105727
7/23/2021 16:00:00,215.45,216.27,212.43,214.46,14604944
7/26/2021 16:00:00,216.99,222.73,215.7,219.21,25336556
7/27/2021 16:00:00,221.13,222.17,209.08,214.93,32813290
7/28/2021 16:00:00,215.67,218.32,213.13,215.66,16006596
7/29/2021 16:00:00,216.6,227.9,216.27,225.78,30394637
7/30/2021 16:00:00,223.92,232.51,223,229.07,29656411
8/2/2021 16:00:00,233.33,242.31,232.8,236.56,33615765
8/3/2021 16:00:00,239.67,240.88,233.67,236.58,21620253
8/4/2021 16:00:00,237,241.63,236.31,236.97,17002647
8/5/2021 16:00:00,238.67,240.32,237.14,238.21,12919637
8/6/2021 16:00:00,237.3,238.78,232.54,233.03,15623049
8/9/2021 16:00:00,236.72,239.68,235.04,237.92,14715349
8/10/2021 16:00:00,238,238.86,233.96,236.66,13432305
8/11/2021 16:00:00,237.57,238.39,234.74,235.94,9800558
8/12/2021 16:00:00,235.45,240.93,233.13,240.75,17681686
8/13/2021 16:00:00,241.24,243.3,238.11,239.06,16731467
8/16/2021 16:00:00,235.02,236.5,225.47,228.72,23103303
8/17/2021 16:00:00,224.22,224.86,216.28,221.9,23721279
8/18/2021 16:00:00,223.25,231.92,223.12,229.66,20349375
8/19/2021 16:00:00,226.07,228.85,222.53,224.49,14313486
8/20/2021 16:00:00,227.62,230.71,224.57,226.75,14841865
8/23/2021 16:00:00,228.48,237.38,226.92,235.43,20264859
8/24/2021 16:00:00,236.89,238.41,234.21,236.16,13083071
8/25/2021 16:00:00,235.68,238.99,234.67,237.07,12645562
8/26/2021 16:00:00,236.1,238.47,232.54,233.72,13214292
8/27/2021 16:00:00,235,238.33,234.03,237.31,13833763
8/30/2021 16:00:00,238.24,243.67,237.58,243.64,18604220
8/31/2021 16:00:00,244.33,246.8,242.15,245.24,20855436
9/1/2021 16:00:00,244.69,247.33,243.76,244.7,13204335
9/2/2021 16:00:00,244.83,246.99,243.51,244.13,12796739
9/3/2021 16:00:00,244.08,244.67,241.4,244.52,15271045
9/7/2021 16:00:00,246.67,253.4,246.42,250.97,20039825
9/8/2021 16:00:00,253.86,254.82,246.92,251.29,18793036
9/9/2021 16:00:00,251.14,254.03,250.54,251.62,14077731
9/10/2021 16:00:00,253.2,254.2,244.84,245.42,15184170
9/13/2021 16:00:00,246.74,248.26,236.28,247.67,22952482
9/14/2021 16:00:00,247.52,251.49,245.47,248.16,18524881
9/15/2021 16:00:00,248.33,252.29,246.12,251.94,15357685
9/16/2021 16:00:00,250.94,252.97,249.2,252.33,13923393
9/17/2021 16:00:00,252.38,253.68,250,253.16,28204176
9/20/2021 16:00:00,244.85,247.33,239.54,243.39,24757652
9/21/2021 16:00:00,244.93,248.25,243.48,246.46,16330723
9/22/2021 16:00:00,247.84,251.22,246.37,250.65,15126272
9/23/2021 16:00:00,251.67,252.73,249.31,251.21,11947527
9/24/2021 16:00:00,248.63,258.27,248.19,258.13,21373022
9/27/2021 16:00:00,257.71,266.33,256.44,263.79,28070657
9/28/2021 16:00:00,262.4,265.21,255.39,259.19,25381422
9/29/2021 16:00:00,259.93,264.5,256.89,260.44,20942877
9/30/2021 16:00:00,260.33,263.04,258.33,258.49,17955961
10/1/2021 16:00:00,259.47,260.26,254.53,258.41,17031414
10/4/2021 16:00:00,265.5,268.99,258.71,260.51,30483341
10/5/2021 16:00:00,261.6,265.77,258.07,260.2,18432625
10/6/2021 16:00:00,258.73,262.22,257.74,260.92,14632768
10/7/2021 16:00:00,261.82,268.33,261.13,264.54,19195782
10/8/2021 16:00:00,265.4,265.46,260.3,261.83,16738604
10/11/2021 16:00:00,262.55,267.08,261.83,263.98,14200322
10/12/2021 16:00:00,266.98,270.77,265.52,268.57,22020040
10/13/2021 16:00:00,270.16,271.8,268.59,270.36,14120075
10/14/2021 16:00:00,271.83,273.42,271.12,272.77,12247170
10/15/2021 16:00:00,274.58,281.07,274.12,281.01,18924567
10/18/2021 16:00:00,283.93,291.75,283.82,290.04,24207244
10/19/2021 16:00:00,292.51,292.65,287.5,288.09,17381128
10/20/2021 16:00:00,288.45,289.83,285.79,288.6,14032052
10/21/2021 16:00:00,285.33,300,285.17,298,31481454
10/22/2021 16:00:00,298.5,303.33,296.99,303.23,22880835
10/25/2021 16:00:00,316.84,348.34,314.73,341.62,62852099
10/26/2021 16:00:00,341.56,364.98,333.81,339.48,62414968
10/27/2021 16:00:00,346.55,356.96,343.59,345.95,38526459
10/28/2021 16:00:00,356.1,360.33,351.4,359.01,27213173
10/29/2021 16:00:00,360.62,371.74,357.74,371.33,29918417
11/1/2021 16:00:00,381.67,403.25,372.89,402.86,56048716
11/2/2021 16:00:00,386.45,402.86,382,390.67,42737797
11/3/2021 16:00:00,392.44,405.13,384.21,404.62,34628519
11/4/2021 16:00:00,411.47,414.5,405.67,409.97,25397410
11/5/2021 16:00:00,409.33,413.29,402.67,407.36,21628812
11/8/2021 16:00:00,383.26,399,377.67,387.65,33445715
11/9/2021 16:00:00,391.2,391.5,337.17,341.17,59105836
11/10/2021 16:00:00,336.8,359.37,329.1,355.98,42802722
11/11/2021 16:00:00,367.59,368.32,351.56,354.5,22396568
11/12/2021 16:00:00,349.17,351.5,339.73,344.47,25573148
11/15/2021 16:00:00,339.21,343.99,326.2,337.8,34775649
11/16/2021 16:00:00,334.44,352.4,334.06,351.58,26542359
11/17/2021 16:00:00,354.5,373.21,351.83,363,31445365
11/18/2021 16:00:00,368.85,370.67,358.34,365.46,20898930
11/19/2021 16:00:00,366.29,379.57,364.23,379.02,21642258
11/22/2021 16:00:00,387.44,400.65,377.48,385.62,33072509
11/23/2021 16:00:00,389.17,393.5,354.23,369.68,36171700
11/24/2021 16:00:00,360.13,377.59,354,372,22560238
11/26/2021 13:00:00,366.49,369.59,360.33,360.64,11680890
11/29/2021 16:00:00,367,380.89,366.73,379,19464467
11/30/2021 16:00:00,381.46,389.33,372.67,381.59,27092038
12/1/2021 16:00:00,386.9,390.95,363.59,365,22934698
12/2/2021 16:00:00,366.35,371,352.22,361.53,24371623
12/3/2021 16:00:00,361.6,363.53,333.4,338.32,30773995
12/6/2021 16:00:00,333.84,340.55,316.83,336.34,27221037
12/7/2021 16:00:00,348.07,352.56,342.27,350.58,18694857
12/8/2021 16:00:00,350.9,357.46,344.33,356.32,13968790
12/9/2021 16:00:00,353.55,354.16,334.12,334.6,19812832
12/10/2021 16:00:00,336.25,340.33,327.51,339.01,19888122
12/13/2021 16:00:00,333.7,335,317.14,322.14,26198502
12/14/2021 16:00:00,315,322.14,310,319.5,23602090
12/15/2021 16:00:00,317.74,326.25,309.42,325.33,25056410
12/16/2021 16:00:00,331.5,331.66,307.28,308.97,27590483
12/17/2021 16:00:00,304.92,320.22,303.01,310.86,33626754
12/20/2021 16:00:00,303.57,307.23,297.8,299.98,18826671
12/21/2021 16:00:00,305.62,313.17,295.37,312.84,23839305
12/22/2021 16:00:00,321.89,338.55,319.02,336.29,31211362
12/23/2021 16:00:00,335.6,357.66,332.52,355.67,30904429
12/27/2021 16:00:00,357.89,372.33,356.91,364.65,23715273
12/28/2021 16:00:00,369.83,373,359.47,362.82,20107969
12/29/2021 16:00:00,366.21,368,354.71,362.06,18718015
12/30/2021 16:00:00,353.78,365.18,351.05,356.78,15680313
12/31/2021 16:00:00,357.81,360.67,351.53,352.26,13577875
1/3/2022 16:00:00,382.58,400.36,378.68,399.93,34895349
1/4/2022 16:00:00,396.52,402.67,374.35,383.2,33416086
1/5/2022 16:00:00,382.22,390.11,360.34,362.71,26706599
1/6/2022 16:00:00,359,362.67,340.17,354.9,30112158
1/7/2022 16:00:00,360.12,360.31,336.67,342.32,28054916
1/10/2022 16:00:00,333.33,353.03,326.67,352.71,30604959
1/11/2022 16:00:00,351.22,358.62,346.27,354.8,22021070
1/12/2022 16:00:00,359.62,371.61,357.53,368.74,27913005
1/13/2022 16:00:00,369.69,371.87,342.18,343.85,32403264
1/14/2022 16:00:00,339.96,350.67,337.79,349.87,24308137
1/18/2022 16:00:00,342.2,356.93,338.69,343.5,22329803
1/19/2022 16:00:00,347.24,351.56,331.67,331.88,25147496
1/20/2022 16:00:00,336.58,347.22,331.33,332.09,23496248
1/21/2022 16:00:00,332.11,334.85,313.5,314.63,34472009
1/24/2022 16:00:00,301.59,311.17,283.82,310,50791714
1/25/2022 16:00:00,304.73,317.09,301.07,306.13,28865302
1/26/2022 16:00:00,317.48,329.23,302,312.47,34955761
1/27/2022 16:00:00,311.12,311.8,276.33,276.37,49036523
1/28/2022 16:00:00,277.19,285.83,264,282.12,44929650
1/31/2022 16:00:00,290.9,312.66,287.35,312.24,34812032
2/1/2022 16:00:00,311.74,314.57,301.67,310.42,24379446
2/2/2022 16:00:00,309.39,310.5,296.47,301.89,22264345
2/3/2022 16:00:00,294,312.33,293.51,297.05,26285186
2/4/2022 16:00:00,299.07,312.17,293.72,307.77,24541822
2/7/2022 16:00:00,307.93,315.92,300.9,302.45,20331488
2/8/2022 16:00:00,301.84,308.76,298.27,307.33,16909671
2/9/2022 16:00:00,311.67,315.42,306.67,310.67,17419848
2/10/2022 16:00:00,302.79,314.6,298.9,301.52,22042277
2/11/2022 16:00:00,303.21,305.32,283.57,286.67,26548623
2/14/2022 16:00:00,287.19,299.63,284.38,291.92,22585472
2/15/2022 16:00:00,300,307.67,297.79,307.48,19216514
2/16/2022 16:00:00,304.68,308.81,300.4,307.8,17098132
2/17/2022 16:00:00,304.42,306.17,291.37,292.12,18392806
2/18/2022 16:00:00,295.33,295.62,279.2,285.66,22833947
2/22/2022 16:00:00,278.04,285.58,267.03,273.84,27762734
2/23/2022 16:00:00,276.81,278.43,253.52,254.68,31752336
2/24/2022 16:00:00,233.46,267.49,233.33,266.92,45107425
2/25/2022 16:00:00,269.74,273.17,260.8,269.96,25355921
2/28/2022 16:00:00,271.67,292.29,271.57,290.14,33002289
3/1/2022 16:00:00,289.89,296.63,284.59,288.12,24922287
3/2/2022 16:00:00,290.71,295.49,281.42,293.3,24881146
3/3/2022 16:00:00,292.92,295.48,277.53,279.76,20541169
3/4/2022 16:00:00,283.03,285.22,275.05,279.43,22393287
3/7/2022 16:00:00,285.43,288.71,268.19,268.19,24164724
3/8/2022 16:00:00,265.18,283.33,260.72,274.8,26799702
3/9/2022 16:00:00,279.83,286.85,277.34,286.32,19727993
3/10/2022 16:00:00,283.82,284.82,270.12,279.43,19549548
3/11/2022 16:00:00,280.07,281.27,264.59,265.12,22345722
3/14/2022 16:00:00,260.2,266.9,252.01,255.46,23717421
3/15/2022 16:00:00,258.42,268.52,252.19,267.3,22280381
3/16/2022 16:00:00,269.67,280.67,267.42,280.08,28009607
3/17/2022 16:00:00,277,291.67,275.24,290.53,22194324
3/18/2022 16:00:00,291.5,302.62,289.13,301.8,33471397
3/21/2022 16:00:00,304.99,314.28,302.36,307.05,27327216
3/22/2022 16:00:00,310,332.62,307.25,331.33,35289519
3/23/2022 16:00:00,326.65,346.9,325.47,333.04,40225383
3/24/2022 16:00:00,336.58,341.5,329.6,337.97,22973626
3/25/2022 16:00:00,336,340.6,332.44,336.88,20677182
3/28/2022 16:00:00,355.03,365.96,351.2,363.95,34168693
3/29/2022 16:00:00,369.33,371.59,357.7,366.52,24538273
3/30/2022 16:00:00,363.72,371.32,361.33,364.66,19955002
3/31/2022 16:00:00,364.86,367.71,358.88,359.2,16330919
4/1/2022 16:00:00,360.38,364.92,355.55,361.53,18087741
4/4/2022 16:00:00,363.13,383.3,357.51,381.82,27392567
4/5/2022 16:00:00,378.77,384.29,362.43,363.75,26691673
4/6/2022 16:00:00,357.82,359.67,342.57,348.59,29782845
4/7/2022 16:00:00,350.8,358.86,340.51,352.42,26482353
4/8/2022 16:00:00,347.74,349.48,340.81,341.83,18337896
4/11/2022 16:00:00,326.8,336.16,324.88,325.31,19785735
4/12/2022 16:00:00,332.55,340.4,325.53,328.98,21992032
4/13/2022 16:00:00,327.02,342.08,324.37,340.79,18373737
4/14/2022 16:00:00,333.1,337.57,327.4,328.33,19474135
4/18/2022 16:00:00,329.68,338.31,324.47,334.76,17238407
4/19/2022 16:00:00,335.02,344.98,331.78,342.72,16615944
4/20/2022 16:00:00,343.33,344.67,325.08,325.73,23570442
4/21/2022 16:00:00,358.24,364.07,332.14,336.26,35138779
4/22/2022 16:00:00,338.3,344.95,331.33,335.02,23232186
4/25/2022 16:00:00,326.32,336.21,325.1,332.67,22780445
4/26/2022 16:00:00,331.81,333.33,291.67,292.14,45377889
4/27/2022 16:00:00,299.53,306,292.45,293.84,25652132
4/28/2022 16:00:00,299.99,300,273.9,292.5,41649509
4/29/2022 16:00:00,300.75,311.47,290,290.25,29377665
5/2/2022 16:00:00,286.92,302.12,282.68,300.98,25260457
5/3/2022 16:00:00,301.06,308.03,296.2,303.08,21236525
5/4/2022 16:00:00,301.31,318.5,295.09,317.54,27214568
5/5/2022 16:00:00,313.07,315.2,285.9,291.09,30839731
5/6/2022 16:00:00,295.67,296,281.04,288.55,24301037
5/9/2022 16:00:00,278.82,281.88,260.38,262.37,30270074
5/10/2022 16:00:00,273.1,275.12,258.08,266.68,28133877
5/11/2022 16:00:00,265,269.92,242.4,244.67,32408153
5/12/2022 16:00:00,233.67,253.22,226.67,242.67,46770954
5/13/2022 16:00:00,257.83,262.45,250.52,256.53,30716908
5/16/2022 16:00:00,255.72,256.59,239.7,241.46,28699513
5/17/2022 16:00:00,249.12,254.83,242.95,253.87,26745370
5/18/2022 16:00:00,248.17,253.5,233.6,236.6,29270604
5/19/2022 16:00:00,235.67,244.67,231.37,236.47,30098891
5/20/2022 16:00:00,238,240.53,211,221.3,48324435
5/23/2022 16:00:00,218.34,226.65,212.69,224.97,29634546
5/24/2022 16:00:00,217.84,217.97,206.86,209.39,29697505
5/25/2022 16:00:00,207.95,223.11,207.67,219.6,30713108
5/26/2022 16:00:00,220.47,239.56,217.89,235.91,35334448
5/27/2022 16:00:00,241.08,253.27,240.18,253.21,29764994
5/31/2022 16:00:00,257.95,259.6,244.74,252.75,33971457
6/1/2022 16:00:00,251.72,257.33,243.64,246.79,25749321
6/2/2022 16:00:00,244.16,264.21,242.07,258.33,31157706
6/3/2022 16:00:00,243.23,247.8,233.42,234.52,37464579
6/6/2022 16:00:00,244.35,244.87,234.35,238.28,28068174
6/7/2022 16:00:00,234,240,230.09,238.89,24269534
6/8/2022 16:00:00,240.09,249.96,239.18,241.87,25403540
6/9/2022 16:00:00,249.34,255.55,239.33,239.71,32163769
6/10/2022 16:00:00,235.16,239.5,227.91,232.23,32696966
6/13/2022 16:00:00,223.17,226.63,214.68,215.74,34255754
6/14/2022 16:00:00,218.29,226.33,211.74,220.89,32662932
6/15/2022 16:00:00,220.92,235.66,218.15,233,39710645
6/16/2022 16:00:00,222.74,225.17,208.69,213.1,35796900
6/17/2022 16:00:00,213.43,220.97,213.2,216.76,30880590
6/21/2022 16:00:00,224.6,243.58,224.33,237.04,40930985
6/22/2022 16:00:00,234.5,246.83,233.83,236.09,33842420
6/23/2022 16:00:00,237.91,239.32,228.64,235.07,34734226
6/24/2022 16:00:00,237.47,246.07,236.09,245.71,31923565
6/27/2022 16:00:00,249.37,252.07,242.57,244.92,29726104
6/28/2022 16:00:00,244.48,249.97,232.34,232.66,30222167
6/29/2022 16:00:00,230.5,231.17,222.27,228.49,27632418
6/30/2022 16:00:00,224.51,229.46,218.86,224.47,31533484
7/1/2022 16:00:00,227,230.23,222.12,227.26,24820148
7/5/2022 16:00:00,223,233.15,216.17,233.07,28259704
7/6/2022 16:00:00,230.78,234.56,227.19,231.73,23951210
7/7/2022 16:00:00,233.92,245.36,232.21,244.54,27310230
7/8/2022 16:00:00,242.33,254.98,241.16,250.76,33951362
7/11/2022 16:00:00,252.1,253.06,233.63,234.34,33169740
7/12/2022 16:00:00,236.85,239.77,228.37,233.07,29310320
7/13/2022 16:00:00,225.5,242.06,225.03,237.04,32651499
7/14/2022 16:00:00,234.9,238.65,229.33,238.31,26185833
7/15/2022 16:00:00,240,243.62,236.89,240.07,23227673
7/18/2022 16:00:00,244.94,250.52,239.6,240.55,27512476
7/19/2022 16:00:00,245,247.14,236.98,245.53,26963370
7/20/2022 16:00:00,246.78,250.66,243.48,247.5,29621363
7/21/2022 16:00:00,255.11,273.27,254.87,271.71,47344059
7/22/2022 16:00:00,276.22,280.79,270.71,272.24,34490949
7/25/2022 16:00:00,272.22,274.15,267.4,268.43,21357835
7/26/2022 16:00:00,266.51,267.31,256.26,258.86,22273586
7/27/2022 16:00:00,263.81,275.93,261.79,274.82,29369996
7/28/2022 16:00:00,280.07,283.3,272.8,280.9,28240997
7/29/2022 16:00:00,280.7,298.32,279.1,297.15,31770961
8/1/2022 16:00:00,301.27,311.88,295,297.28,39014296
8/2/2022 16:00:00,294,307.83,292.67,300.59,31859156
8/3/2022 16:00:00,305,309.55,301.15,307.4,26697035
8/4/2022 16:00:00,311,313.61,305,308.63,24085439
8/5/2022 16:00:00,302.67,304.61,285.54,288.17,37724299
8/8/2022 16:00:00,295,305.2,289.09,290.42,33121758
8/9/2022 16:00:00,290.29,292.4,279.35,283.33,28748227
8/10/2022 16:00:00,297.07,297.51,283.37,294.36,31639624
8/11/2022 16:00:00,296.51,298.24,285.83,286.63,23385015
8/12/2022 16:00:00,289.42,300.16,285.03,300.03,26552429
8/15/2022 16:00:00,301.79,313.13,301.23,309.32,29786389
8/16/2022 16:00:00,311.67,314.67,302.88,306.56,29378774
8/17/2022 16:00:00,303.4,309.66,300.03,304,22921990
8/18/2022 16:00:00,306,306.5,301.85,302.87,15833512
8/19/2022 16:00:00,299,300.36,292.5,296.67,20465129
8/22/2022 16:00:00,291.91,292.4,286.3,289.91,18614449
8/23/2022 16:00:00,291.45,298.83,287.92,296.45,21328348
8/24/2022 16:00:00,297.56,303.65,296.5,297.1,19086572
8/25/2022 16:00:00,302.36,302.96,291.6,296.07,53230013
8/26/2022 16:00:00,297.43,302,287.47,288.09,57163947
8/29/2022 16:00:00,282.83,287.74,280.7,284.82,41864742
8/30/2022 16:00:00,287.87,288.48,272.65,277.7,50541759
8/31/2022 16:00:00,280.62,281.25,271.81,275.61,52107337
9/1/2022 16:00:00,272.58,277.58,266.15,277.16,54287024
9/2/2022 16:00:00,281.07,282.35,269.08,270.21,50890090
9/6/2022 16:00:00,272.68,275.99,265.74,274.42,55859984
9/7/2022 16:00:00,273.1,283.84,272.27,283.7,50028916
9/8/2022 16:00:00,281.3,289.5,279.76,289.26,53713124
9/9/2022 16:00:00,291.67,299.85,291.25,299.68,54470854
9/12/2022 16:00:00,300.72,305.49,300.4,304.42,48674604
9/13/2022 16:00:00,292.9,297.4,290.4,292.13,68229619
9/14/2022 16:00:00,292.24,306,291.64,302.61,72628653
9/15/2022 16:00:00,301.83,309.12,300.72,303.75,64795523
9/16/2022 16:00:00,299.61,303.71,295.6,303.35,87087786
9/19/2022 16:00:00,300.09,309.84,297.8,309.07,60231156
9/20/2022 16:00:00,306.91,313.33,305.58,308.73,61642783
9/21/2022 16:00:00,308.29,313.8,300.63,300.8,62555656
9/22/2022 16:00:00,299.86,301.29,285.82,288.59,70545413
9/23/2022 16:00:00,283.09,284.5,272.82,275.33,63748362
9/26/2022 16:00:00,271.83,284.09,270.31,276.01,58076913
9/27/2022 16:00:00,283.84,288.67,277.51,282.94,61925185
9/28/2022 16:00:00,283.08,289,277.57,287.81,54664809
9/29/2022 16:00:00,282.76,283.65,265.78,268.21,77620642
9/30/2022 16:00:00,266.15,275.57,262.47,265.25,67726598
10/3/2022 16:00:00,254.5,255.16,241.01,242.4,98363541
10/4/2022 16:00:00,250.52,257.5,242.01,249.44,109578535
10/5/2022 16:00:00,245.01,246.67,233.27,240.81,86982673
10/6/2022 16:00:00,239.44,244.58,235.35,238.13,69298437
10/7/2022 16:00:00,233.94,234.57,222.02,223.07,83916800
10/10/2022 16:00:00,223.93,226.99,218.36,222.96,67925018
10/11/2022 16:00:00,220.95,225.75,215,216.5,77013202
10/12/2022 16:00:00,215.33,219.3,211.51,217.24,66860699
10/13/2022 16:00:00,208.3,222.99,206.22,221.72,91483045
10/14/2022 16:00:00,224.01,226.26,204.16,204.99,94124511
10/17/2022 16:00:00,210.04,221.86,209.45,219.35,79428810
10/18/2022 16:00:00,229.5,229.82,217.25,220.19,75891905
10/19/2022 16:00:00,219.8,222.93,217.78,222.04,66571479
10/20/2022 16:00:00,208.28,215.55,202,207.28,117798062
10/21/2022 16:00:00,206.42,214.66,203.8,214.44,75713754
10/24/2022 16:00:00,205.82,213.5,198.59,211.25,100446765
10/25/2022 16:00:00,210.1,224.35,210,222.42,96507870
10/26/2022 16:00:00,219.4,230.6,218.2,224.64,85327078
10/27/2022 16:00:00,229.77,233.81,222.85,225.09,61638824
10/28/2022 16:00:00,225.4,228.86,216.35,228.52,69152386
10/31/2022 16:00:00,226.19,229.85,221.94,227.54,61554341
11/1/2022 16:00:00,234.05,237.4,227.28,227.82,62688822
11/2/2022 16:00:00,226.04,227.87,214.82,214.98,63070293
11/3/2022 16:00:00,211.36,221.2,210.14,215.31,56538848
11/4/2022 16:00:00,222.6,223.8,203.08,207.47,98622212
11/7/2022 16:00:00,208.65,208.9,196.66,197.08,93916520
11/8/2022 16:00:00,194.02,195.2,186.75,191.3,128803404
11/9/2022 16:00:00,190.78,195.89,177.12,177.59,127062659
11/10/2022 16:00:00,189.9,191,180.03,190.72,132703015
11/11/2022 16:00:00,186,196.52,182.59,195.97,114403575
11/14/2022 16:00:00,192.77,195.73,186.34,190.95,92226649
11/15/2022 16:00:00,195.88,200.82,192.06,194.42,91293785
11/16/2022 16:00:00,191.51,192.57,185.66,186.92,66567599
11/17/2022 16:00:00,183.96,186.16,180.9,183.17,64335970
11/18/2022 16:00:00,185.05,185.19,176.55,180.19,76048866
11/21/2022 16:00:00,175.85,176.77,167.54,167.87,92882712
11/22/2022 16:00:00,168.63,170.92,166.19,169.91,78452327
11/23/2022 16:00:00,173.57,183.62,172.5,183.2,109536709
11/25/2022 13:05:00,185.06,185.2,180.63,182.86,50672739
11/28/2022 16:00:00,179.96,188.5,179,182.92,93038148
11/29/2022 16:00:00,184.99,186.38,178.75,180.83,83357111
11/30/2022 16:00:00,182.43,194.76,180.63,194.7,109186404
12/1/2022 16:00:00,197.08,198.92,191.8,194.7,80046213
12/2/2022 16:00:00,191.78,196.25,191.11,194.86,73645922
12/5/2022 16:00:00,189.44,191.27,180.55,182.45,93122667
12/6/2022 16:00:00,181.22,183.65,175.33,179.82,92150823
12/7/2022 16:00:00,175.03,179.38,172.22,174.04,84213284
12/8/2022 16:00:00,172.2,175.2,169.06,173.44,97624491
12/9/2022 16:00:00,173.84,182.5,173.36,179.05,104872336
12/12/2022 16:00:00,176.1,177.37,167.52,167.82,109794471
12/13/2022 16:00:00,174.87,175.05,156.91,160.95,175862722
12/14/2022 16:00:00,159.25,161.62,155.31,156.8,140682338
12/15/2022 16:00:00,153.44,160.93,153.28,157.67,122334459
12/16/2022 16:00:00,159.64,160.99,150.04,150.23,139032175
12/19/2022 16:00:00,154,155.25,145.82,149.87,139390634
12/20/2022 16:00:00,146.05,148.47,137.66,137.8,159563267
12/21/2022 16:00:00,139.34,141.26,135.89,137.57,145417412
12/22/2022 16:00:00,136,136.63,122.26,125.35,210090250
12/23/2022 16:00:00,126.37,128.62,121.02,123.15,166989688
12/27/2022 16:00:00,117.5,119.67,108.76,109.1,208643444
12/28/2022 16:00:00,110.35,116.27,108.24,112.71,221070537
12/29/2022 16:00:00,120.39,123.57,117.5,121.82,221923313
12/30/2022 16:00:00,119.95,124.48,119.75,123.18,157777339
1/3/2023 16:00:00,118.47,118.8,104.64,108.1,231402818
1/4/2023 16:00:00,109.11,114.59,107.52,113.64,180388976
1/5/2023 16:00:00,110.51,111.75,107.16,110.34,157986324
1/6/2023 16:00:00,103,114.39,101.81,113.06,220911051
1/9/2023 16:00:00,118.96,123.52,117.11,119.77,190283951
1/10/2023 16:00:00,121.07,122.76,114.92,118.85,167642485
1/11/2023 16:00:00,122.09,125.95,120.51,123.22,183810771
1/12/2023 16:00:00,122.56,124.13,117,123.56,169400913
1/13/2023 16:00:00,116.55,122.63,115.6,122.4,180714119
1/17/2023 16:00:00,125.7,131.7,125.02,131.49,186476985
1/18/2023 16:00:00,136.56,136.68,127.01,128.78,195680318
1/19/2023 16:00:00,127.26,129.99,124.31,127.17,170291880
1/20/2023 16:00:00,128.68,133.51,127.35,133.42,138858136
1/23/2023 16:00:00,135.87,145.38,134.27,143.75,203119211
1/24/2023 16:00:00,143,146.5,141.1,143.89,158699056
1/25/2023 16:00:00,141.91,146.41,138.07,144.43,192734347
1/26/2023 16:00:00,159.97,161.42,154.76,160.27,234815090
1/27/2023 16:00:00,162.43,180.68,161.17,177.9,306590613
1/30/2023 16:00:00,178.05,179.77,166.5,166.66,230878807
1/31/2023 16:00:00,164.57,174.3,162.78,173.22,196813541
2/1/2023 16:00:00,173.89,183.81,169.93,181.41,213806323
2/2/2023 16:00:00,187.33,196.75,182.61,188.27,217448287
2/3/2023 16:00:00,183.95,199,183.69,189.98,232662023
2/6/2023 16:00:00,193.01,198.17,189.92,194.76,186188131
2/7/2023 16:00:00,196.43,197.5,189.55,196.81,186010325
2/8/2023 16:00:00,196.1,203,194.31,201.29,180673644
2/9/2023 16:00:00,207.78,214,204.77,207.32,215431442
2/10/2023 16:00:00,202.23,206.2,192.89,196.89,204754129
2/13/2023 16:00:00,194.42,196.3,187.61,194.64,172475452
2/14/2023 16:00:00,191.94,209.82,189.44,209.25,216455708
2/15/2023 16:00:00,211.76,214.66,206.11,214.24,182108581
2/16/2023 16:00:00,210.78,217.65,201.84,202.04,229586538
2/17/2023 16:00:00,199.99,208.44,197.5,208.31,213738549
2/21/2023 16:00:00,204.99,209.71,197.22,197.37,180018588
2/22/2023 16:00:00,197.93,201.99,191.78,200.86,191828457
2/23/2023 16:00:00,203.91,205.14,196.33,202.07,146359950
2/24/2023 16:00:00,196.33,197.67,192.8,196.88,142228105
2/27/2023 16:00:00,202.03,209.42,201.26,207.63,161028315
2/28/2023 16:00:00,210.59,211.23,203.75,205.71,153144912
3/1/2023 16:00:00,206.21,207.2,198.52,202.77,156852790
3/2/2023 16:00:00,186.74,193.75,186.01,190.9,181979154
3/3/2023 16:00:00,194.8,200.48,192.88,197.79,154193277
3/6/2023 16:00:00,198.54,198.6,192.3,193.81,128100106
3/7/2023 16:00:00,191.38,194.2,186.1,187.71,148125790